InvoiceNo,StockCode,Description,InvoiceDate,Quantity,UnitPrice,TotalSales,CustomerID,Country,InvoiceDateOnly,SalesYear,SalesMonth,YearMonth,DayOfWeek,InvoiceHour
536365,84029G,KNITTED UNION FLAG HOT WATER BOTTLE,2010-12-01 08:26:00.000000 UTC,6,3.39,20.34,17850,United Kingdom,2010-12-01,2010,12,2010-12,Wednesday,8
536365,85123A,WHITE HANGING HEART T-LIGHT HOLDER,2010-12-01 08:26:00.000000 UTC,6,2.55,15.3,17850,United Kingdom,2010-12-01,2010,12,2010-12,Wednesday,8
536365,84029E,RED WOOLLY HOTTIE WHITE HEART.,2010-12-01 08:26:00.000000 UTC,6,3.39,20.34,17850,United Kingdom,2010-12-01,2010,12,2010-12,Wednesday,8
536365,71053,WHITE METAL LANTERN,2010-12-01 08:26:00.000000 UTC,6,3.39,20.34,17850,United Kingdom,2010-12-01,2010,12,2010-12,Wednesday,8
536365,84406B,CREAM CUPID HEARTS COAT HANGER,2010-12-01 08:26:00.000000 UTC,8,2.75,22.0,17850,United Kingdom,2010-12-01,2010,12,2010-12,Wednesday,8
536365,21730,GLASS STAR FROSTED T-LIGHT HOLDER,2010-12-01 08:26:00.000000 UTC,6,4.25,25.5,17850,United Kingdom,2010-12-01,2010,12,2010-12,Wednesday,8
536365,22752,SET 7 BABUSHKA NESTING BOXES,2010-12-01 08:26:00.000000 UTC,2,7.65,15.3,17850,United Kingdom,2010-12-01,2010,12,2010-12,Wednesday,8
536366,22633,HAND WARMER UNION JACK,2010-12-01 08:28:00.000000 UTC,6,1.85,11.1,17850,United Kingdom,2010-12-01,2010,12,2010-12,Wednesday,8
536366,22632,HAND WARMER RED POLKA DOT,2010-12-01 08:28:00.000000 UTC,6,1.85,11.1,17850,United Kingdom,2010-12-01,2010,12,2010-12,Wednesday,8
536367,21754,HOME BUILDING BLOCK WORD,2010-12-01 08:34:00.000000 UTC,3,5.95,17.85,13047,United Kingdom,2010-12-01,2010,12,2010-12,Wednesday,8
536367,22623,BOX OF VINTAGE JIGSAW BLOCKS,2010-12-01 08:34:00.000000 UTC,3,4.95,14.85,13047,United Kingdom,2010-12-01,2010,12,2010-12,Wednesday,8
536367,21755,LOVE BUILDING BLOCK WORD,2010-12-01 08:34:00.000000 UTC,3,5.95,17.85,13047,United Kingdom,2010-12-01,2010,12,2010-12,Wednesday,8
536367,22622,BOX OF VINTAGE ALPHABET BLOCKS,2010-12-01 08:34:00.000000 UTC,2,9.95,19.9,13047,United Kingdom,2010-12-01,2010,12,2010-12,Wednesday,8
536367,84969,BOX OF 6 ASSORTED COLOUR TEASPOONS,2010-12-01 08:34:00.000000 UTC,6,4.25,25.5,13047,United Kingdom,2010-12-01,2010,12,2010-12,Wednesday,8
536367,22748,POPPY'S PLAYHOUSE KITCHEN,2010-12-01 08:34:00.000000 UTC,6,2.1,12.6,13047,United Kingdom,2010-12-01,2010,12,2010-12,Wednesday,8
536367,22749,FELTCRAFT PRINCESS CHARLOTTE DOLL,2010-12-01 08:34:00.000000 UTC,8,3.75,30.0,13047,United Kingdom,2010-12-01,2010,12,2010-12,Wednesday,8
536367,22745,POPPY'S PLAYHOUSE BEDROOM,2010-12-01 08:34:00.000000 UTC,6,2.1,12.6,13047,United Kingdom,2010-12-01,2010,12,2010-12,Wednesday,8
536367,84879,ASSORTED COLOUR BIRD ORNAMENT,2010-12-01 08:34:00.000000 UTC,32,1.69,54.08,13047,United Kingdom,2010-12-01,2010,12,2010-12,Wednesday,8
536367,21777,RECIPE BOX WITH METAL HEART,2010-12-01 08:34:00.000000 UTC,4,7.95,31.8,13047,United Kingdom,2010-12-01,2010,12,2010-12,Wednesday,8
536367,48187,DOORMAT NEW ENGLAND,2010-12-01 08:34:00.000000 UTC,4,7.95,31.8,13047,United Kingdom,2010-12-01,2010,12,2010-12,Wednesday,8
536367,22310,IVORY KNITTED MUG COSY,2010-12-01 08:34:00.000000 UTC,6,1.65,9.9,13047,United Kingdom,2010-12-01,2010,12,2010-12,Wednesday,8
536368,22960,JAM MAKING SET WITH JARS,2010-12-01 08:34:00.000000 UTC,6,4.25,25.5,13047,United Kingdom,2010-12-01,2010,12,2010-12,Wednesday,8
536368,22913,RED COAT RACK PARIS FASHION,2010-12-01 08:34:00.000000 UTC,3,4.95,14.85,13047,United Kingdom,2010-12-01,2010,12,2010-12,Wednesday,8
536368,22914,BLUE COAT RACK PARIS FASHION,2010-12-01 08:34:00.000000 UTC,3,4.95,14.85,13047,United Kingdom,2010-12-01,2010,12,2010-12,Wednesday,8
536368,22912,YELLOW COAT RACK PARIS FASHION,2010-12-01 08:34:00.000000 UTC,3,4.95,14.85,13047,United Kingdom,2010-12-01,2010,12,2010-12,Wednesday,8
536369,21756,BATH BUILDING BLOCK WORD,2010-12-01 08:35:00.000000 UTC,3,5.95,17.85,13047,United Kingdom,2010-12-01,2010,12,2010-12,Wednesday,8
536370,22728,ALARM CLOCK BAKELIKE PINK,2010-12-01 08:45:00.000000 UTC,24,3.75,90.0,12583,France,2010-12-01,2010,12,2010-12,Wednesday,8
536370,22629,SPACEBOY LUNCH BOX,2010-12-01 08:45:00.000000 UTC,24,1.95,46.8,12583,France,2010-12-01,2010,12,2010-12,Wednesday,8
536370,22727,ALARM CLOCK BAKELIKE RED,2010-12-01 08:45:00.000000 UTC,24,3.75,90.0,12583,France,2010-12-01,2010,12,2010-12,Wednesday,8
536370,22492,MINI PAINT SET VINTAGE,2010-12-01 08:45:00.000000 UTC,36,0.65,23.4,12583,France,2010-12-01,2010,12,2010-12,Wednesday,8
536370,22726,ALARM CLOCK BAKELIKE GREEN,2010-12-01 08:45:00.000000 UTC,12,3.75,45.0,12583,France,2010-12-01,2010,12,2010-12,Wednesday,8
536370,POST,POSTAGE,2010-12-01 08:45:00.000000 UTC,3,18.0,54.0,12583,France,2010-12-01,2010,12,2010-12,Wednesday,8
536370,21883,STARS GIFT TAPE,2010-12-01 08:45:00.000000 UTC,24,0.65,15.6,12583,France,2010-12-01,2010,12,2010-12,Wednesday,8
536370,22544,MINI JIGSAW SPACEBOY,2010-12-01 08:45:00.000000 UTC,24,0.42,10.08,12583,France,2010-12-01,2010,12,2010-12,Wednesday,8
536370,22900,SET 2 TEA TOWELS I LOVE LONDON,2010-12-01 08:45:00.000000 UTC,24,2.95,70.8,12583,France,2010-12-01,2010,12,2010-12,Wednesday,8
536370,22326,ROUND SNACK BOXES SET OF4 WOODLAND,2010-12-01 08:45:00.000000 UTC,24,2.95,70.8,12583,France,2010-12-01,2010,12,2010-12,Wednesday,8
536370,21913,VINTAGE SEASIDE JIGSAW PUZZLES,2010-12-01 08:45:00.000000 UTC,12,3.75,45.0,12583,France,2010-12-01,2010,12,2010-12,Wednesday,8
536370,21791,VINTAGE HEADS AND TAILS CARD GAME,2010-12-01 08:45:00.000000 UTC,24,1.25,30.0,12583,France,2010-12-01,2010,12,2010-12,Wednesday,8
536370,21724,PANDA AND BUNNIES STICKER SHEET,2010-12-01 08:45:00.000000 UTC,12,0.85,10.2,12583,France,2010-12-01,2010,12,2010-12,Wednesday,8
536370,22540,MINI JIGSAW CIRCUS PARADE,2010-12-01 08:45:00.000000 UTC,24,0.42,10.08,12583,France,2010-12-01,2010,12,2010-12,Wednesday,8
536370,22661,CHARLOTTE BAG DOLLY GIRL DESIGN,2010-12-01 08:45:00.000000 UTC,20,0.85,17.0,12583,France,2010-12-01,2010,12,2010-12,Wednesday,8
536370,10002,INFLATABLE POLITICAL GLOBE,2010-12-01 08:45:00.000000 UTC,48,0.85,40.8,12583,France,2010-12-01,2010,12,2010-12,Wednesday,8
536370,21035,SET/2 RED RETROSPOT TEA TOWELS,2010-12-01 08:45:00.000000 UTC,18,2.95,53.1,12583,France,2010-12-01,2010,12,2010-12,Wednesday,8
536370,21731,RED TOADSTOOL LED NIGHT LIGHT,2010-12-01 08:45:00.000000 UTC,24,1.65,39.6,12583,France,2010-12-01,2010,12,2010-12,Wednesday,8
536370,22631,CIRCUS PARADE LUNCH BOX,2010-12-01 08:45:00.000000 UTC,24,1.95,46.8,12583,France,2010-12-01,2010,12,2010-12,Wednesday,8
536370,22659,LUNCH BOX I LOVE LONDON,2010-12-01 08:45:00.000000 UTC,24,1.95,46.8,12583,France,2010-12-01,2010,12,2010-12,Wednesday,8
536371,22086,PAPER CHAIN KIT 50'S CHRISTMAS,2010-12-01 09:00:00.000000 UTC,80,2.55,204.0,13748,United Kingdom,2010-12-01,2010,12,2010-12,Wednesday,9
536372,22633,HAND WARMER UNION JACK,2010-12-01 09:01:00.000000 UTC,6,1.85,11.1,17850,United Kingdom,2010-12-01,2010,12,2010-12,Wednesday,9
536372,22632,HAND WARMER RED POLKA DOT,2010-12-01 09:01:00.000000 UTC,6,1.85,11.1,17850,United Kingdom,2010-12-01,2010,12,2010-12,Wednesday,9
536373,84029G,KNITTED UNION FLAG HOT WATER BOTTLE,2010-12-01 09:02:00.000000 UTC,6,3.39,20.34,17850,United Kingdom,2010-12-01,2010,12,2010-12,Wednesday,9
536373,21730,GLASS STAR FROSTED T-LIGHT HOLDER,2010-12-01 09:02:00.000000 UTC,6,4.25,25.5,17850,United Kingdom,2010-12-01,2010,12,2010-12,Wednesday,9
536373,20679,EDWARDIAN PARASOL RED,2010-12-01 09:02:00.000000 UTC,6,4.95,29.7,17850,United Kingdom,2010-12-01,2010,12,2010-12,Wednesday,9
536373,71053,WHITE METAL LANTERN,2010-12-01 09:02:00.000000 UTC,6,3.39,20.34,17850,United Kingdom,2010-12-01,2010,12,2010-12,Wednesday,9
536373,21071,VINTAGE BILLBOARD DRINK ME MUG,2010-12-01 09:02:00.000000 UTC,6,1.06,6.36,17850,United Kingdom,2010-12-01,2010,12,2010-12,Wednesday,9
536373,84406B,CREAM CUPID HEARTS COAT HANGER,2010-12-01 09:02:00.000000 UTC,8,2.75,22.0,17850,United Kingdom,2010-12-01,2010,12,2010-12,Wednesday,9
536373,82483,WOOD 2 DRAWER CABINET WHITE FINISH,2010-12-01 09:02:00.000000 UTC,2,4.95,9.9,17850,United Kingdom,2010-12-01,2010,12,2010-12,Wednesday,9
536373,37370,RETRO COFFEE MUGS ASSORTED,2010-12-01 09:02:00.000000 UTC,6,1.06,6.36,17850,United Kingdom,2010-12-01,2010,12,2010-12,Wednesday,9
536373,84029E,RED WOOLLY HOTTIE WHITE HEART.,2010-12-01 09:02:00.000000 UTC,6,3.39,20.34,17850,United Kingdom,2010-12-01,2010,12,2010-12,Wednesday,9
536373,85123A,WHITE HANGING HEART T-LIGHT HOLDER,2010-12-01 09:02:00.000000 UTC,6,2.55,15.3,17850,United Kingdom,2010-12-01,2010,12,2010-12,Wednesday,9
536373,21068,VINTAGE BILLBOARD LOVE/HATE MUG,2010-12-01 09:02:00.000000 UTC,6,1.06,6.36,17850,United Kingdom,2010-12-01,2010,12,2010-12,Wednesday,9
536373,82486,WOOD S/3 CABINET ANT WHITE FINISH,2010-12-01 09:02:00.000000 UTC,4,6.95,27.8,17850,United Kingdom,2010-12-01,2010,12,2010-12,Wednesday,9
536373,21871,SAVE THE PLANET MUG,2010-12-01 09:02:00.000000 UTC,6,1.06,6.36,17850,United Kingdom,2010-12-01,2010,12,2010-12,Wednesday,9
536373,22752,SET 7 BABUSHKA NESTING BOXES,2010-12-01 09:02:00.000000 UTC,2,7.65,15.3,17850,United Kingdom,2010-12-01,2010,12,2010-12,Wednesday,9
536373,82482,WOODEN PICTURE FRAME WHITE FINISH,2010-12-01 09:02:00.000000 UTC,6,2.1,12.6,17850,United Kingdom,2010-12-01,2010,12,2010-12,Wednesday,9
536373,82494L,WOODEN FRAME ANTIQUE WHITE,2010-12-01 09:02:00.000000 UTC,6,2.55,15.3,17850,United Kingdom,2010-12-01,2010,12,2010-12,Wednesday,9
536374,21258,VICTORIAN SEWING BOX LARGE,2010-12-01 09:09:00.000000 UTC,32,10.95,350.4,15100,United Kingdom,2010-12-01,2010,12,2010-12,Wednesday,9
536375,20679,EDWARDIAN PARASOL RED,2010-12-01 09:32:00.000000 UTC,6,4.95,29.7,17850,United Kingdom,2010-12-01,2010,12,2010-12,Wednesday,9
536375,82494L,WOODEN FRAME ANTIQUE WHITE,2010-12-01 09:32:00.000000 UTC,6,2.55,15.3,17850,United Kingdom,2010-12-01,2010,12,2010-12,Wednesday,9
536375,21071,VINTAGE BILLBOARD DRINK ME MUG,2010-12-01 09:32:00.000000 UTC,6,1.06,6.36,17850,United Kingdom,2010-12-01,2010,12,2010-12,Wednesday,9
536375,22752,SET 7 BABUSHKA NESTING BOXES,2010-12-01 09:32:00.000000 UTC,2,7.65,15.3,17850,United Kingdom,2010-12-01,2010,12,2010-12,Wednesday,9
536375,21068,VINTAGE BILLBOARD LOVE/HATE MUG,2010-12-01 09:32:00.000000 UTC,6,1.06,6.36,17850,United Kingdom,2010-12-01,2010,12,2010-12,Wednesday,9
536375,82486,WOOD S/3 CABINET ANT WHITE FINISH,2010-12-01 09:32:00.000000 UTC,4,6.95,27.8,17850,United Kingdom,2010-12-01,2010,12,2010-12,Wednesday,9
536375,84406B,CREAM CUPID HEARTS COAT HANGER,2010-12-01 09:32:00.000000 UTC,8,2.75,22.0,17850,United Kingdom,2010-12-01,2010,12,2010-12,Wednesday,9
536375,37370,RETRO COFFEE MUGS ASSORTED,2010-12-01 09:32:00.000000 UTC,6,1.06,6.36,17850,United Kingdom,2010-12-01,2010,12,2010-12,Wednesday,9
536375,82483,WOOD 2 DRAWER CABINET WHITE FINISH,2010-12-01 09:32:00.000000 UTC,2,4.95,9.9,17850,United Kingdom,2010-12-01,2010,12,2010-12,Wednesday,9
536375,84029G,KNITTED UNION FLAG HOT WATER BOTTLE,2010-12-01 09:32:00.000000 UTC,6,3.39,20.34,17850,United Kingdom,2010-12-01,2010,12,2010-12,Wednesday,9
536375,82482,WOODEN PICTURE FRAME WHITE FINISH,2010-12-01 09:32:00.000000 UTC,6,2.1,12.6,17850,United Kingdom,2010-12-01,2010,12,2010-12,Wednesday,9
536375,21730,GLASS STAR FROSTED T-LIGHT HOLDER,2010-12-01 09:32:00.000000 UTC,6,4.25,25.5,17850,United Kingdom,2010-12-01,2010,12,2010-12,Wednesday,9
536375,84029E,RED WOOLLY HOTTIE WHITE HEART.,2010-12-01 09:32:00.000000 UTC,6,3.39,20.34,17850,United Kingdom,2010-12-01,2010,12,2010-12,Wednesday,9
536375,21871,SAVE THE PLANET MUG,2010-12-01 09:32:00.000000 UTC,6,1.06,6.36,17850,United Kingdom,2010-12-01,2010,12,2010-12,Wednesday,9
536375,85123A,WHITE HANGING HEART T-LIGHT HOLDER,2010-12-01 09:32:00.000000 UTC,6,2.55,15.3,17850,United Kingdom,2010-12-01,2010,12,2010-12,Wednesday,9
536375,71053,WHITE METAL LANTERN,2010-12-01 09:32:00.000000 UTC,6,3.39,20.34,17850,United Kingdom,2010-12-01,2010,12,2010-12,Wednesday,9
536376,21733,RED HANGING HEART T-LIGHT HOLDER,2010-12-01 09:32:00.000000 UTC,64,2.55,163.2,15291,United Kingdom,2010-12-01,2010,12,2010-12,Wednesday,9
536376,22114,HOT WATER BOTTLE TEA AND SYMPATHY,2010-12-01 09:32:00.000000 UTC,48,3.45,165.6,15291,United Kingdom,2010-12-01,2010,12,2010-12,Wednesday,9
536377,22632,HAND WARMER RED POLKA DOT,2010-12-01 09:34:00.000000 UTC,6,1.85,11.1,17850,United Kingdom,2010-12-01,2010,12,2010-12,Wednesday,9
536377,22633,HAND WARMER UNION JACK,2010-12-01 09:34:00.000000 UTC,6,1.85,11.1,17850,United Kingdom,2010-12-01,2010,12,2010-12,Wednesday,9
536378,21977,PACK OF 60 PINK PAISLEY CAKE CASES,2010-12-01 09:37:00.000000 UTC,24,0.55,13.2,14688,United Kingdom,2010-12-01,2010,12,2010-12,Wednesday,9
536378,21975,PACK OF 60 DINOSAUR CAKE CASES,2010-12-01 09:37:00.000000 UTC,24,0.55,13.2,14688,United Kingdom,2010-12-01,2010,12,2010-12,Wednesday,9
536378,20723,STRAWBERRY CHARLOTTE BAG,2010-12-01 09:37:00.000000 UTC,10,0.85,8.5,14688,United Kingdom,2010-12-01,2010,12,2010-12,Wednesday,9
536378,22386,JUMBO BAG PINK POLKADOT,2010-12-01 09:37:00.000000 UTC,10,1.95,19.5,14688,United Kingdom,2010-12-01,2010,12,2010-12,Wednesday,9
536378,85099C,JUMBO  BAG BAROQUE BLACK WHITE,2010-12-01 09:37:00.000000 UTC,10,1.95,19.5,14688,United Kingdom,2010-12-01,2010,12,2010-12,Wednesday,9
536378,20725,LUNCH BAG RED RETROSPOT,2010-12-01 09:37:00.000000 UTC,10,1.65,16.5,14688,United Kingdom,2010-12-01,2010,12,2010-12,Wednesday,9
536378,84997C,BLUE 3 PIECE POLKADOT CUTLERY SET,2010-12-01 09:37:00.000000 UTC,6,3.75,22.5,14688,United Kingdom,2010-12-01,2010,12,2010-12,Wednesday,9
536378,21931,JUMBO STORAGE BAG SUKI,2010-12-01 09:37:00.000000 UTC,10,1.95,19.5,14688,United Kingdom,2010-12-01,2010,12,2010-12,Wednesday,9
536378,21212,PACK OF 72 RETROSPOT CAKE CASES,2010-12-01 09:37:00.000000 UTC,120,0.42,50.4,14688,United Kingdom,2010-12-01,2010,12,2010-12,Wednesday,9
536378,21559,STRAWBERRY LUNCH BOX WITH CUTLERY,2010-12-01 09:37:00.000000 UTC,6,2.55,15.3,14688,United Kingdom,2010-12-01,2010,12,2010-12,Wednesday,9
536378,84519A,TOMATO CHARLIE+LOLA COASTER SET,2010-12-01 09:37:00.000000 UTC,6,2.95,17.7,14688,United Kingdom,2010-12-01,2010,12,2010-12,Wednesday,9
536378,84997B,RED 3 PIECE RETROSPOT CUTLERY SET,2010-12-01 09:37:00.000000 UTC,12,3.75,45.0,14688,United Kingdom,2010-12-01,2010,12,2010-12,Wednesday,9
536378,22352,LUNCH BOX WITH CUTLERY RETROSPOT,2010-12-01 09:37:00.000000 UTC,6,2.55,15.3,14688,United Kingdom,2010-12-01,2010,12,2010-12,Wednesday,9
536378,85071B,RED CHARLIE+LOLA PERSONAL DOORSIGN,2010-12-01 09:37:00.000000 UTC,96,0.38,36.48,14688,United Kingdom,2010-12-01,2010,12,2010-12,Wednesday,9
536378,21929,JUMBO BAG PINK VINTAGE PAISLEY,2010-12-01 09:37:00.000000 UTC,10,1.95,19.5,14688,United Kingdom,2010-12-01,2010,12,2010-12,Wednesday,9
536378,21033,JUMBO BAG CHARLIE AND LOLA TOYS,2010-12-01 09:37:00.000000 UTC,10,2.95,29.5,14688,United Kingdom,2010-12-01,2010,12,2010-12,Wednesday,9
536378,84991,60 TEATIME FAIRY CAKE CASES,2010-12-01 09:37:00.000000 UTC,24,0.55,13.2,14688,United Kingdom,2010-12-01,2010,12,2010-12,Wednesday,9
536378,21094,SET/6 RED SPOTTY PAPER PLATES,2010-12-01 09:37:00.000000 UTC,12,0.85,10.2,14688,United Kingdom,2010-12-01,2010,12,2010-12,Wednesday,9
536378,85183B,CHARLIE & LOLA WASTEPAPER BIN FLORA,2010-12-01 09:37:00.000000 UTC,48,1.25,60.0,14688,United Kingdom,2010-12-01,2010,12,2010-12,Wednesday,9
536380,22961,JAM MAKING SET PRINTED,2010-12-01 09:41:00.000000 UTC,24,1.45,34.8,17809,United Kingdom,2010-12-01,2010,12,2010-12,Wednesday,9
536381,21175,GIN + TONIC DIET METAL SIGN,2010-12-01 09:41:00.000000 UTC,2,2.1,4.2,15311,United Kingdom,2010-12-01,2010,12,2010-12,Wednesday,9
536381,22262,FELT EGG COSY CHICKEN,2010-12-01 09:41:00.000000 UTC,1,0.85,0.85,15311,United Kingdom,2010-12-01,2010,12,2010-12,Wednesday,9
536381,15056N,EDWARDIAN PARASOL NATURAL,2010-12-01 09:41:00.000000 UTC,2,5.95,11.9,15311,United Kingdom,2010-12-01,2010,12,2010-12,Wednesday,9
536381,22637,PIGGY BANK RETROSPOT,2010-12-01 09:41:00.000000 UTC,1,2.55,2.55,15311,United Kingdom,2010-12-01,2010,12,2010-12,Wednesday,9
536381,22176,BLUE OWL SOFT TOY,2010-12-01 09:41:00.000000 UTC,1,2.95,2.95,15311,United Kingdom,2010-12-01,2010,12,2010-12,Wednesday,9
536381,22778,GLASS CLOCHE SMALL,2010-12-01 09:41:00.000000 UTC,3,3.95,11.85,15311,United Kingdom,2010-12-01,2010,12,2010-12,Wednesday,9
536381,22646,CERAMIC STRAWBERRY CAKE MONEY BANK,2010-12-01 09:41:00.000000 UTC,4,1.45,5.8,15311,United Kingdom,2010-12-01,2010,12,2010-12,Wednesday,9
536381,21731,RED TOADSTOOL LED NIGHT LIGHT,2010-12-01 09:41:00.000000 UTC,2,1.65,3.3,15311,United Kingdom,2010-12-01,2010,12,2010-12,Wednesday,9
536381,22719,GUMBALL MONOCHROME COAT RACK,2010-12-01 09:41:00.000000 UTC,36,1.06,38.16,15311,United Kingdom,2010-12-01,2010,12,2010-12,Wednesday,9
536381,21672,WHITE SPOT RED CERAMIC DRAWER KNOB,2010-12-01 09:41:00.000000 UTC,6,1.25,7.5,15311,United Kingdom,2010-12-01,2010,12,2010-12,Wednesday,9
536381,21934,SKULL SHOULDER BAG,2010-12-01 09:41:00.000000 UTC,10,1.65,16.5,15311,United Kingdom,2010-12-01,2010,12,2010-12,Wednesday,9
536381,71270,PHOTO CLIP LINE,2010-12-01 09:41:00.000000 UTC,3,1.25,3.75,15311,United Kingdom,2010-12-01,2010,12,2010-12,Wednesday,9
536381,37444C,PINK BREAKFAST CUP AND SAUCER,2010-12-01 09:41:00.000000 UTC,1,2.95,2.95,15311,United Kingdom,2010-12-01,2010,12,2010-12,Wednesday,9
536381,22086,PAPER CHAIN KIT 50'S CHRISTMAS,2010-12-01 09:41:00.000000 UTC,4,2.95,11.8,15311,United Kingdom,2010-12-01,2010,12,2010-12,Wednesday,9
536381,21169,YOU'RE CONFUSING ME METAL SIGN,2010-12-01 09:41:00.000000 UTC,3,1.69,5.07,15311,United Kingdom,2010-12-01,2010,12,2010-12,Wednesday,9
536381,21523,DOORMAT FANCY FONT HOME SWEET HOME,2010-12-01 09:41:00.000000 UTC,10,6.75,67.5,15311,United Kingdom,2010-12-01,2010,12,2010-12,Wednesday,9
536381,22771,CLEAR DRAWER KNOB ACRYLIC EDWARDIAN,2010-12-01 09:41:00.000000 UTC,24,1.25,30.0,15311,United Kingdom,2010-12-01,2010,12,2010-12,Wednesday,9
536381,47580,TEA TIME DES TEA COSY,2010-12-01 09:41:00.000000 UTC,2,2.55,5.1,15311,United Kingdom,2010-12-01,2010,12,2010-12,Wednesday,9
536381,22083,PAPER CHAIN KIT RETROSPOT,2010-12-01 09:41:00.000000 UTC,1,2.95,2.95,15311,United Kingdom,2010-12-01,2010,12,2010-12,Wednesday,9
536381,22261,FELT EGG COSY WHITE RABBIT,2010-12-01 09:41:00.000000 UTC,1,0.85,0.85,15311,United Kingdom,2010-12-01,2010,12,2010-12,Wednesday,9
536381,21533,RETROSPOT LARGE MILK JUG,2010-12-01 09:41:00.000000 UTC,1,4.95,4.95,15311,United Kingdom,2010-12-01,2010,12,2010-12,Wednesday,9
536381,22411,JUMBO SHOPPER VINTAGE RED PAISLEY,2010-12-01 09:41:00.000000 UTC,10,1.95,19.5,15311,United Kingdom,2010-12-01,2010,12,2010-12,Wednesday,9
536381,21166,COOK WITH WINE METAL SIGN,2010-12-01 09:41:00.000000 UTC,1,1.95,1.95,15311,United Kingdom,2010-12-01,2010,12,2010-12,Wednesday,9
536381,22438,BALLOON ART MAKE YOUR OWN FLOWERS,2010-12-01 09:41:00.000000 UTC,1,1.95,1.95,15311,United Kingdom,2010-12-01,2010,12,2010-12,Wednesday,9
536381,71270,PHOTO CLIP LINE,2010-12-01 09:41:00.000000 UTC,1,1.25,1.25,15311,United Kingdom,2010-12-01,2010,12,2010-12,Wednesday,9
536381,84971S,SMALL HEART FLOWERS HOOK,2010-12-01 09:41:00.000000 UTC,6,0.85,5.1,15311,United Kingdom,2010-12-01,2010,12,2010-12,Wednesday,9
536381,84832,ZINC WILLIE WINKIE  CANDLE STICK,2010-12-01 09:41:00.000000 UTC,1,0.85,0.85,15311,United Kingdom,2010-12-01,2010,12,2010-12,Wednesday,9
536381,84854,GIRLY PINK TOOL SET,2010-12-01 09:41:00.000000 UTC,5,4.95,24.75,15311,United Kingdom,2010-12-01,2010,12,2010-12,Wednesday,9
536381,22644,CERAMIC CHERRY CAKE MONEY BANK,2010-12-01 09:41:00.000000 UTC,1,1.45,1.45,15311,United Kingdom,2010-12-01,2010,12,2010-12,Wednesday,9
536381,22139,RETROSPOT TEA SET CERAMIC 11 PC,2010-12-01 09:41:00.000000 UTC,23,4.25,97.75,15311,United Kingdom,2010-12-01,2010,12,2010-12,Wednesday,9
536381,15056BL,EDWARDIAN PARASOL BLACK,2010-12-01 09:41:00.000000 UTC,2,5.95,11.9,15311,United Kingdom,2010-12-01,2010,12,2010-12,Wednesday,9
536381,82567,"AIRLINE LOUNGE,METAL SIGN",2010-12-01 09:41:00.000000 UTC,2,2.1,4.2,15311,United Kingdom,2010-12-01,2010,12,2010-12,Wednesday,9
536381,37444A,YELLOW BREAKFAST CUP AND SAUCER,2010-12-01 09:41:00.000000 UTC,1,2.95,2.95,15311,United Kingdom,2010-12-01,2010,12,2010-12,Wednesday,9
536381,21557,SET OF 6 FUNKY BEAKERS,2010-12-01 09:41:00.000000 UTC,2,2.95,5.9,15311,United Kingdom,2010-12-01,2010,12,2010-12,Wednesday,9
536381,22774,RED DRAWER KNOB ACRYLIC EDWARDIAN,2010-12-01 09:41:00.000000 UTC,24,1.25,30.0,15311,United Kingdom,2010-12-01,2010,12,2010-12,Wednesday,9
C536379,D,Discount,2010-12-01 09:41:00.000000 UTC,-1,27.5,-27.5,14527,United Kingdom,2010-12-01,2010,12,2010-12,Wednesday,9
536382,22379,RECYCLING BAG RETROSPOT,2010-12-01 09:45:00.000000 UTC,10,2.1,21.0,16098,United Kingdom,2010-12-01,2010,12,2010-12,Wednesday,9
536382,22726,ALARM CLOCK BAKELIKE GREEN,2010-12-01 09:45:00.000000 UTC,4,3.75,15.0,16098,United Kingdom,2010-12-01,2010,12,2010-12,Wednesday,9
536382,10002,INFLATABLE POLITICAL GLOBE,2010-12-01 09:45:00.000000 UTC,12,0.85,10.2,16098,United Kingdom,2010-12-01,2010,12,2010-12,Wednesday,9
536382,22411,JUMBO SHOPPER VINTAGE RED PAISLEY,2010-12-01 09:45:00.000000 UTC,10,1.95,19.5,16098,United Kingdom,2010-12-01,2010,12,2010-12,Wednesday,9
536382,22838,3 TIER CAKE TIN RED AND CREAM,2010-12-01 09:45:00.000000 UTC,2,14.95,29.9,16098,United Kingdom,2010-12-01,2010,12,2010-12,Wednesday,9
536382,22783,SET 3 WICKER OVAL BASKETS W LIDS,2010-12-01 09:45:00.000000 UTC,4,16.95,67.8,16098,United Kingdom,2010-12-01,2010,12,2010-12,Wednesday,9
536382,22926,IVORY GIANT GARDEN THERMOMETER,2010-12-01 09:45:00.000000 UTC,12,5.95,71.4,16098,United Kingdom,2010-12-01,2010,12,2010-12,Wednesday,9
536382,21912,VINTAGE SNAKES & LADDERS,2010-12-01 09:45:00.000000 UTC,8,3.75,30.0,16098,United Kingdom,2010-12-01,2010,12,2010-12,Wednesday,9
536382,22798,ANTIQUE GLASS DRESSING TABLE POT,2010-12-01 09:45:00.000000 UTC,8,2.95,23.6,16098,United Kingdom,2010-12-01,2010,12,2010-12,Wednesday,9
536382,22839,3 TIER CAKE TIN GREEN AND CREAM,2010-12-01 09:45:00.000000 UTC,2,14.95,29.9,16098,United Kingdom,2010-12-01,2010,12,2010-12,Wednesday,9
536382,21832,CHOCOLATE CALCULATOR,2010-12-01 09:45:00.000000 UTC,12,1.65,19.8,16098,United Kingdom,2010-12-01,2010,12,2010-12,Wednesday,9
536382,22381,TOY TIDY PINK POLKADOT,2010-12-01 09:45:00.000000 UTC,50,1.85,92.5,16098,United Kingdom,2010-12-01,2010,12,2010-12,Wednesday,9
C536383,35004C,SET OF 3 COLOURED  FLYING DUCKS,2010-12-01 09:49:00.000000 UTC,-1,4.65,-4.65,15311,United Kingdom,2010-12-01,2010,12,2010-12,Wednesday,9
536384,22469,HEART OF WICKER SMALL,2010-12-01 09:53:00.000000 UTC,40,1.45,58.0,18074,United Kingdom,2010-12-01,2010,12,2010-12,Wednesday,9
536384,22189,CREAM HEART CARD HOLDER,2010-12-01 09:53:00.000000 UTC,4,3.95,15.8,18074,United Kingdom,2010-12-01,2010,12,2010-12,Wednesday,9
536384,22464,HANGING METAL HEART LANTERN,2010-12-01 09:53:00.000000 UTC,12,1.65,19.8,18074,United Kingdom,2010-12-01,2010,12,2010-12,Wednesday,9
536384,22470,HEART OF WICKER LARGE,2010-12-01 09:53:00.000000 UTC,40,2.55,102.0,18074,United Kingdom,2010-12-01,2010,12,2010-12,Wednesday,9
536384,22224,WHITE LOVEBIRD LANTERN,2010-12-01 09:53:00.000000 UTC,6,2.95,17.7,18074,United Kingdom,2010-12-01,2010,12,2010-12,Wednesday,9
536384,22457,NATURAL SLATE HEART CHALKBOARD,2010-12-01 09:53:00.000000 UTC,12,2.95,35.4,18074,United Kingdom,2010-12-01,2010,12,2010-12,Wednesday,9
536384,82484,WOOD BLACK BOARD ANT WHITE FINISH,2010-12-01 09:53:00.000000 UTC,3,6.45,19.35,18074,United Kingdom,2010-12-01,2010,12,2010-12,Wednesday,9
536384,21324,HANGING MEDINA LANTERN SMALL,2010-12-01 09:53:00.000000 UTC,6,2.95,17.7,18074,United Kingdom,2010-12-01,2010,12,2010-12,Wednesday,9
536384,21340,CLASSIC METAL BIRDCAGE PLANT HOLDER,2010-12-01 09:53:00.000000 UTC,2,12.75,25.5,18074,United Kingdom,2010-12-01,2010,12,2010-12,Wednesday,9
536384,22424,ENAMEL BREAD BIN CREAM,2010-12-01 09:53:00.000000 UTC,8,10.95,87.6,18074,United Kingdom,2010-12-01,2010,12,2010-12,Wednesday,9
536384,22428,ENAMEL FIRE BUCKET CREAM,2010-12-01 09:53:00.000000 UTC,6,6.95,41.7,18074,United Kingdom,2010-12-01,2010,12,2010-12,Wednesday,9
536384,84755,COLOUR GLASS T-LIGHT HOLDER HANGING,2010-12-01 09:53:00.000000 UTC,48,0.65,31.2,18074,United Kingdom,2010-12-01,2010,12,2010-12,Wednesday,9
536384,22427,ENAMEL FLOWER JUG CREAM,2010-12-01 09:53:00.000000 UTC,3,5.95,17.85,18074,United Kingdom,2010-12-01,2010,12,2010-12,Wednesday,9
536385,22168,ORGANISER WOOD ANTIQUE WHITE,2010-12-01 09:56:00.000000 UTC,2,8.5,17.0,17420,United Kingdom,2010-12-01,2010,12,2010-12,Wednesday,9
536385,22960,JAM MAKING SET WITH JARS,2010-12-01 09:56:00.000000 UTC,6,4.25,25.5,17420,United Kingdom,2010-12-01,2010,12,2010-12,Wednesday,9
536385,85049A,TRADITIONAL CHRISTMAS RIBBONS,2010-12-01 09:56:00.000000 UTC,12,1.25,15.0,17420,United Kingdom,2010-12-01,2010,12,2010-12,Wednesday,9
536385,22783,SET 3 WICKER OVAL BASKETS W LIDS,2010-12-01 09:56:00.000000 UTC,1,19.95,19.95,17420,United Kingdom,2010-12-01,2010,12,2010-12,Wednesday,9
536385,22663,JUMBO BAG DOLLY GIRL DESIGN,2010-12-01 09:56:00.000000 UTC,10,1.95,19.5,17420,United Kingdom,2010-12-01,2010,12,2010-12,Wednesday,9
536385,22961,JAM MAKING SET PRINTED,2010-12-01 09:56:00.000000 UTC,12,1.45,17.4,17420,United Kingdom,2010-12-01,2010,12,2010-12,Wednesday,9
536385,22662,LUNCH BAG DOLLY GIRL DESIGN,2010-12-01 09:56:00.000000 UTC,10,1.65,16.5,17420,United Kingdom,2010-12-01,2010,12,2010-12,Wednesday,9
536386,85099C,JUMBO  BAG BAROQUE BLACK WHITE,2010-12-01 09:57:00.000000 UTC,100,1.65,165.0,16029,United Kingdom,2010-12-01,2010,12,2010-12,Wednesday,9
536386,85099B,JUMBO BAG RED RETROSPOT,2010-12-01 09:57:00.000000 UTC,100,1.65,165.0,16029,United Kingdom,2010-12-01,2010,12,2010-12,Wednesday,9
536386,84880,WHITE WIRE EGG HOLDER,2010-12-01 09:57:00.000000 UTC,36,4.95,178.2,16029,United Kingdom,2010-12-01,2010,12,2010-12,Wednesday,9
536387,21731,RED TOADSTOOL LED NIGHT LIGHT,2010-12-01 09:58:00.000000 UTC,432,1.25,540.0,16029,United Kingdom,2010-12-01,2010,12,2010-12,Wednesday,9
536387,22779,WOODEN OWLS LIGHT GARLAND,2010-12-01 09:58:00.000000 UTC,192,3.37,647.04,16029,United Kingdom,2010-12-01,2010,12,2010-12,Wednesday,9
536387,79321,CHILLI LIGHTS,2010-12-01 09:58:00.000000 UTC,192,3.82,733.44,16029,United Kingdom,2010-12-01,2010,12,2010-12,Wednesday,9
536387,22780,LIGHT GARLAND BUTTERFILES PINK,2010-12-01 09:58:00.000000 UTC,192,3.37,647.04,16029,United Kingdom,2010-12-01,2010,12,2010-12,Wednesday,9
536387,22466,FAIRY TALE COTTAGE NIGHTLIGHT,2010-12-01 09:58:00.000000 UTC,432,1.45,626.4,16029,United Kingdom,2010-12-01,2010,12,2010-12,Wednesday,9
536388,21754,HOME BUILDING BLOCK WORD,2010-12-01 09:59:00.000000 UTC,3,5.95,17.85,16250,United Kingdom,2010-12-01,2010,12,2010-12,Wednesday,9
536388,21755,LOVE BUILDING BLOCK WORD,2010-12-01 09:59:00.000000 UTC,3,5.95,17.85,16250,United Kingdom,2010-12-01,2010,12,2010-12,Wednesday,9
536388,21411,GINGHAM HEART  DOORSTOP RED,2010-12-01 09:59:00.000000 UTC,3,4.25,12.75,16250,United Kingdom,2010-12-01,2010,12,2010-12,Wednesday,9
536388,22922,FRIDGE MAGNETS US DINER ASSORTED,2010-12-01 09:59:00.000000 UTC,12,0.85,10.2,16250,United Kingdom,2010-12-01,2010,12,2010-12,Wednesday,9
536388,22969,HOMEMADE JAM SCENTED CANDLES,2010-12-01 09:59:00.000000 UTC,12,1.45,17.4,16250,United Kingdom,2010-12-01,2010,12,2010-12,Wednesday,9
536388,21363,HOME SMALL WOOD LETTERS,2010-12-01 09:59:00.000000 UTC,3,4.95,14.85,16250,United Kingdom,2010-12-01,2010,12,2010-12,Wednesday,9
536388,21523,DOORMAT FANCY FONT HOME SWEET HOME,2010-12-01 09:59:00.000000 UTC,2,7.95,15.9,16250,United Kingdom,2010-12-01,2010,12,2010-12,Wednesday,9
536388,21115,ROSE CARAVAN DOORSTOP,2010-12-01 09:59:00.000000 UTC,4,6.75,27.0,16250,United Kingdom,2010-12-01,2010,12,2010-12,Wednesday,9
536388,22318,FIVE HEART HANGING DECORATION,2010-12-01 09:59:00.000000 UTC,6,2.95,17.7,16250,United Kingdom,2010-12-01,2010,12,2010-12,Wednesday,9
536388,22242,5 HOOK HANGER MAGIC TOADSTOOL,2010-12-01 09:59:00.000000 UTC,12,1.65,19.8,16250,United Kingdom,2010-12-01,2010,12,2010-12,Wednesday,9
536388,22915,ASSORTED BOTTLE TOP  MAGNETS,2010-12-01 09:59:00.000000 UTC,12,0.42,5.04,16250,United Kingdom,2010-12-01,2010,12,2010-12,Wednesday,9
536388,22464,HANGING METAL HEART LANTERN,2010-12-01 09:59:00.000000 UTC,12,1.65,19.8,16250,United Kingdom,2010-12-01,2010,12,2010-12,Wednesday,9
536388,22469,HEART OF WICKER SMALL,2010-12-01 09:59:00.000000 UTC,12,1.65,19.8,16250,United Kingdom,2010-12-01,2010,12,2010-12,Wednesday,9
536388,22923,FRIDGE MAGNETS LES ENFANTS ASSORTED,2010-12-01 09:59:00.000000 UTC,12,0.85,10.2,16250,United Kingdom,2010-12-01,2010,12,2010-12,Wednesday,9
536389,22193,RED DINER WALL CLOCK,2010-12-01 10:03:00.000000 UTC,2,8.5,17.0,12431,Australia,2010-12-01,2010,12,2010-12,Wednesday,10
536389,22941,CHRISTMAS LIGHTS 10 REINDEER,2010-12-01 10:03:00.000000 UTC,6,8.5,51.0,12431,Australia,2010-12-01,2010,12,2010-12,Wednesday,10
536389,22191,IVORY DINER WALL CLOCK,2010-12-01 10:03:00.000000 UTC,2,8.5,17.0,12431,Australia,2010-12-01,2010,12,2010-12,Wednesday,10
536389,22196,SMALL HEART MEASURING SPOONS,2010-12-01 10:03:00.000000 UTC,24,0.85,20.4,12431,Australia,2010-12-01,2010,12,2010-12,Wednesday,10
536389,22195,LARGE HEART MEASURING SPOONS,2010-12-01 10:03:00.000000 UTC,24,1.65,39.6,12431,Australia,2010-12-01,2010,12,2010-12,Wednesday,10
536389,22726,ALARM CLOCK BAKELIKE GREEN,2010-12-01 10:03:00.000000 UTC,4,3.75,15.0,12431,Australia,2010-12-01,2010,12,2010-12,Wednesday,10
536389,35004G,SET OF 3 GOLD FLYING DUCKS,2010-12-01 10:03:00.000000 UTC,4,6.35,25.4,12431,Australia,2010-12-01,2010,12,2010-12,Wednesday,10
536389,21791,VINTAGE HEADS AND TAILS CARD GAME,2010-12-01 10:03:00.000000 UTC,12,1.25,15.0,12431,Australia,2010-12-01,2010,12,2010-12,Wednesday,10
536389,85014B,RED RETROSPOT UMBRELLA,2010-12-01 10:03:00.000000 UTC,6,5.95,35.7,12431,Australia,2010-12-01,2010,12,2010-12,Wednesday,10
536389,35004C,SET OF 3 COLOURED  FLYING DUCKS,2010-12-01 10:03:00.000000 UTC,6,5.45,32.7,12431,Australia,2010-12-01,2010,12,2010-12,Wednesday,10
536389,21622,VINTAGE UNION JACK CUSHION COVER,2010-12-01 10:03:00.000000 UTC,8,4.95,39.6,12431,Australia,2010-12-01,2010,12,2010-12,Wednesday,10
536389,22192,BLUE DINER WALL CLOCK,2010-12-01 10:03:00.000000 UTC,2,8.5,17.0,12431,Australia,2010-12-01,2010,12,2010-12,Wednesday,10
536389,85014A,BLACK/BLUE POLKADOT UMBRELLA,2010-12-01 10:03:00.000000 UTC,3,5.95,17.85,12431,Australia,2010-12-01,2010,12,2010-12,Wednesday,10
536389,22727,ALARM CLOCK BAKELIKE RED,2010-12-01 10:03:00.000000 UTC,4,3.75,15.0,12431,Australia,2010-12-01,2010,12,2010-12,Wednesday,10
536390,22963,JAM JAR WITH GREEN LID,2010-12-01 10:19:00.000000 UTC,48,0.72,34.56,17511,United Kingdom,2010-12-01,2010,12,2010-12,Wednesday,10
536390,21094,SET/6 RED SPOTTY PAPER PLATES,2010-12-01 10:19:00.000000 UTC,96,0.64,61.44,17511,United Kingdom,2010-12-01,2010,12,2010-12,Wednesday,10
536390,22941,CHRISTMAS LIGHTS 10 REINDEER,2010-12-01 10:19:00.000000 UTC,2,8.5,17.0,17511,United Kingdom,2010-12-01,2010,12,2010-12,Wednesday,10
536390,21086,SET/6 RED SPOTTY PAPER CUPS,2010-12-01 10:19:00.000000 UTC,48,0.65,31.2,17511,United Kingdom,2010-12-01,2010,12,2010-12,Wednesday,10
536390,84970S,HANGING HEART ZINC T-LIGHT HOLDER,2010-12-01 10:19:00.000000 UTC,144,0.64,92.16,17511,United Kingdom,2010-12-01,2010,12,2010-12,Wednesday,10
536390,22910,PAPER CHAIN KIT VINTAGE CHRISTMAS,2010-12-01 10:19:00.000000 UTC,40,2.55,102.0,17511,United Kingdom,2010-12-01,2010,12,2010-12,Wednesday,10
536390,85099B,JUMBO BAG RED RETROSPOT,2010-12-01 10:19:00.000000 UTC,100,1.65,165.0,17511,United Kingdom,2010-12-01,2010,12,2010-12,Wednesday,10
536390,22962,JAM JAR WITH PINK LID,2010-12-01 10:19:00.000000 UTC,48,0.72,34.56,17511,United Kingdom,2010-12-01,2010,12,2010-12,Wednesday,10
536390,21080,SET/20 RED RETROSPOT PAPER NAPKINS,2010-12-01 10:19:00.000000 UTC,96,0.64,61.44,17511,United Kingdom,2010-12-01,2010,12,2010-12,Wednesday,10
536390,22654,DELUXE SEWING KIT,2010-12-01 10:19:00.000000 UTC,40,4.95,198.0,17511,United Kingdom,2010-12-01,2010,12,2010-12,Wednesday,10
536390,22961,JAM MAKING SET PRINTED,2010-12-01 10:19:00.000000 UTC,12,1.45,17.4,17511,United Kingdom,2010-12-01,2010,12,2010-12,Wednesday,10
536390,21786,POLKADOT RAIN HAT,2010-12-01 10:19:00.000000 UTC,144,0.32,46.08,17511,United Kingdom,2010-12-01,2010,12,2010-12,Wednesday,10
536390,84029G,KNITTED UNION FLAG HOT WATER BOTTLE,2010-12-01 10:19:00.000000 UTC,24,3.39,81.36,17511,United Kingdom,2010-12-01,2010,12,2010-12,Wednesday,10
536390,22968,ROSE COTTAGE KEEPSAKE BOX,2010-12-01 10:19:00.000000 UTC,8,8.5,68.0,17511,United Kingdom,2010-12-01,2010,12,2010-12,Wednesday,10
536390,20668,DISCO BALL CHRISTMAS DECORATION,2010-12-01 10:19:00.000000 UTC,288,0.1,28.8,17511,United Kingdom,2010-12-01,2010,12,2010-12,Wednesday,10
536390,85123A,WHITE HANGING HEART T-LIGHT HOLDER,2010-12-01 10:19:00.000000 UTC,64,2.55,163.2,17511,United Kingdom,2010-12-01,2010,12,2010-12,Wednesday,10
536390,22197,SMALL POPCORN HOLDER,2010-12-01 10:19:00.000000 UTC,100,0.72,72.0,17511,United Kingdom,2010-12-01,2010,12,2010-12,Wednesday,10
536390,22174,PHOTO CUBE,2010-12-01 10:19:00.000000 UTC,48,1.48,71.04,17511,United Kingdom,2010-12-01,2010,12,2010-12,Wednesday,10
536390,22969,HOMEMADE JAM SCENTED CANDLES,2010-12-01 10:19:00.000000 UTC,96,1.25,120.0,17511,United Kingdom,2010-12-01,2010,12,2010-12,Wednesday,10
536390,22198,LARGE POPCORN HOLDER,2010-12-01 10:19:00.000000 UTC,50,1.45,72.5,17511,United Kingdom,2010-12-01,2010,12,2010-12,Wednesday,10
536390,21533,RETROSPOT LARGE MILK JUG,2010-12-01 10:19:00.000000 UTC,12,4.25,51.0,17511,United Kingdom,2010-12-01,2010,12,2010-12,Wednesday,10
536390,22960,JAM MAKING SET WITH JARS,2010-12-01 10:19:00.000000 UTC,12,3.75,45.0,17511,United Kingdom,2010-12-01,2010,12,2010-12,Wednesday,10
536390,21485,RETROSPOT HEART HOT WATER BOTTLE,2010-12-01 10:19:00.000000 UTC,24,4.25,102.0,17511,United Kingdom,2010-12-01,2010,12,2010-12,Wednesday,10
536390,84030E,ENGLISH ROSE HOT WATER BOTTLE,2010-12-01 10:19:00.000000 UTC,24,3.75,90.0,17511,United Kingdom,2010-12-01,2010,12,2010-12,Wednesday,10
C536391,21484,CHICK GREY HOT WATER BOTTLE,2010-12-01 10:24:00.000000 UTC,-12,3.45,-41.4,17548,United Kingdom,2010-12-01,2010,12,2010-12,Wednesday,10
C536391,21983,PACK OF 12 BLUE PAISLEY TISSUES,2010-12-01 10:24:00.000000 UTC,-24,0.29,-6.96,17548,United Kingdom,2010-12-01,2010,12,2010-12,Wednesday,10
C536391,21984,PACK OF 12 PINK PAISLEY TISSUES,2010-12-01 10:24:00.000000 UTC,-24,0.29,-6.96,17548,United Kingdom,2010-12-01,2010,12,2010-12,Wednesday,10
C536391,22557,PLASTERS IN TIN VINTAGE PAISLEY,2010-12-01 10:24:00.000000 UTC,-12,1.65,-19.8,17548,United Kingdom,2010-12-01,2010,12,2010-12,Wednesday,10
C536391,22556,PLASTERS IN TIN CIRCUS PARADE,2010-12-01 10:24:00.000000 UTC,-12,1.65,-19.8,17548,United Kingdom,2010-12-01,2010,12,2010-12,Wednesday,10
C536391,21980,PACK OF 12 RED RETROSPOT TISSUES,2010-12-01 10:24:00.000000 UTC,-24,0.29,-6.96,17548,United Kingdom,2010-12-01,2010,12,2010-12,Wednesday,10
C536391,22553,PLASTERS IN TIN SKULLS,2010-12-01 10:24:00.000000 UTC,-24,1.65,-39.6,17548,United Kingdom,2010-12-01,2010,12,2010-12,Wednesday,10
536392,21889,WOODEN BOX OF DOMINOES,2010-12-01 10:29:00.000000 UTC,12,1.25,15.0,13705,United Kingdom,2010-12-01,2010,12,2010-12,Wednesday,10
536392,22150,3 STRIPEY MICE FELTCRAFT,2010-12-01 10:29:00.000000 UTC,6,1.95,11.7,13705,United Kingdom,2010-12-01,2010,12,2010-12,Wednesday,10
536392,22502,PICNIC BASKET WICKER SMALL,2010-12-01 10:29:00.000000 UTC,4,5.95,23.8,13705,United Kingdom,2010-12-01,2010,12,2010-12,Wednesday,10
536392,84879,ASSORTED COLOUR BIRD ORNAMENT,2010-12-01 10:29:00.000000 UTC,16,1.69,27.04,13705,United Kingdom,2010-12-01,2010,12,2010-12,Wednesday,10
536392,22827,RUSTIC  SEVENTEEN DRAWER SIDEBOARD,2010-12-01 10:29:00.000000 UTC,1,165.0,165.0,13705,United Kingdom,2010-12-01,2010,12,2010-12,Wednesday,10
536392,22338,STAR DECORATION PAINTED ZINC,2010-12-01 10:29:00.000000 UTC,24,0.65,15.6,13705,United Kingdom,2010-12-01,2010,12,2010-12,Wednesday,10
536392,22128,PARTY CONES CANDY ASSORTED,2010-12-01 10:29:00.000000 UTC,12,1.25,15.0,13705,United Kingdom,2010-12-01,2010,12,2010-12,Wednesday,10
536392,22127,PARTY CONES CARNIVAL ASSORTED,2010-12-01 10:29:00.000000 UTC,12,1.25,15.0,13705,United Kingdom,2010-12-01,2010,12,2010-12,Wednesday,10
536392,22619,SET OF 6 SOLDIER SKITTLES,2010-12-01 10:29:00.000000 UTC,4,3.75,15.0,13705,United Kingdom,2010-12-01,2010,12,2010-12,Wednesday,10
536392,21891,TRADITIONAL WOODEN SKIPPING ROPE,2010-12-01 10:29:00.000000 UTC,12,1.25,15.0,13705,United Kingdom,2010-12-01,2010,12,2010-12,Wednesday,10
536393,22180,RETROSPOT LAMP,2010-12-01 10:37:00.000000 UTC,8,9.95,79.6,13747,United Kingdom,2010-12-01,2010,12,2010-12,Wednesday,10
536394,22558,CLOTHES PEGS RETROSPOT PACK 24,2010-12-01 10:39:00.000000 UTC,48,1.25,60.0,13408,United Kingdom,2010-12-01,2010,12,2010-12,Wednesday,10
536394,22866,HAND WARMER SCOTTY DOG DESIGN,2010-12-01 10:39:00.000000 UTC,96,1.85,177.6,13408,United Kingdom,2010-12-01,2010,12,2010-12,Wednesday,10
536394,22349,DOG BOWL CHASING BALL DESIGN,2010-12-01 10:39:00.000000 UTC,12,3.75,45.0,13408,United Kingdom,2010-12-01,2010,12,2010-12,Wednesday,10
536394,21506,"FANCY FONT BIRTHDAY CARD,",2010-12-01 10:39:00.000000 UTC,24,0.42,10.08,13408,United Kingdom,2010-12-01,2010,12,2010-12,Wednesday,10
536394,85152,HAND OVER THE CHOCOLATE   SIGN,2010-12-01 10:39:00.000000 UTC,12,2.1,25.2,13408,United Kingdom,2010-12-01,2010,12,2010-12,Wednesday,10
536394,85123A,WHITE HANGING HEART T-LIGHT HOLDER,2010-12-01 10:39:00.000000 UTC,32,2.55,81.6,13408,United Kingdom,2010-12-01,2010,12,2010-12,Wednesday,10
536394,22633,HAND WARMER UNION JACK,2010-12-01 10:39:00.000000 UTC,96,1.85,177.6,13408,United Kingdom,2010-12-01,2010,12,2010-12,Wednesday,10
536394,22652,TRAVEL SEWING KIT,2010-12-01 10:39:00.000000 UTC,20,1.65,33.0,13408,United Kingdom,2010-12-01,2010,12,2010-12,Wednesday,10
536394,22632,HAND WARMER RED RETROSPOT,2010-12-01 10:39:00.000000 UTC,96,1.85,177.6,13408,United Kingdom,2010-12-01,2010,12,2010-12,Wednesday,10
536394,22865,HAND WARMER OWL DESIGN,2010-12-01 10:39:00.000000 UTC,96,1.85,177.6,13408,United Kingdom,2010-12-01,2010,12,2010-12,Wednesday,10
536394,21485,RETROSPOT HEART HOT WATER BOTTLE,2010-12-01 10:39:00.000000 UTC,12,4.95,59.4,13408,United Kingdom,2010-12-01,2010,12,2010-12,Wednesday,10
536395,22866,HAND WARMER SCOTTY DOG DESIGN,2010-12-01 10:47:00.000000 UTC,48,2.1,100.8,13767,United Kingdom,2010-12-01,2010,12,2010-12,Wednesday,10
536395,22729,ALARM CLOCK BAKELIKE ORANGE,2010-12-01 10:47:00.000000 UTC,8,3.75,30.0,13767,United Kingdom,2010-12-01,2010,12,2010-12,Wednesday,10
536395,21484,CHICK GREY HOT WATER BOTTLE,2010-12-01 10:47:00.000000 UTC,8,3.45,27.6,13767,United Kingdom,2010-12-01,2010,12,2010-12,Wednesday,10
536395,21212,PACK OF 72 RETROSPOT CAKE CASES,2010-12-01 10:47:00.000000 UTC,24,0.55,13.2,13767,United Kingdom,2010-12-01,2010,12,2010-12,Wednesday,10
536395,22726,ALARM CLOCK BAKELIKE GREEN,2010-12-01 10:47:00.000000 UTC,8,3.75,30.0,13767,United Kingdom,2010-12-01,2010,12,2010-12,Wednesday,10
536395,22867,HAND WARMER BIRD DESIGN,2010-12-01 10:47:00.000000 UTC,48,2.1,100.8,13767,United Kingdom,2010-12-01,2010,12,2010-12,Wednesday,10
536395,22114,HOT WATER BOTTLE TEA AND SYMPATHY,2010-12-01 10:47:00.000000 UTC,8,3.95,31.6,13767,United Kingdom,2010-12-01,2010,12,2010-12,Wednesday,10
536395,84991,60 TEATIME FAIRY CAKE CASES,2010-12-01 10:47:00.000000 UTC,24,0.55,13.2,13767,United Kingdom,2010-12-01,2010,12,2010-12,Wednesday,10
536395,84879,ASSORTED COLOUR BIRD ORNAMENT,2010-12-01 10:47:00.000000 UTC,32,1.69,54.08,13767,United Kingdom,2010-12-01,2010,12,2010-12,Wednesday,10
536395,22188,BLACK HEART CARD HOLDER,2010-12-01 10:47:00.000000 UTC,8,3.95,31.6,13767,United Kingdom,2010-12-01,2010,12,2010-12,Wednesday,10
536395,22727,ALARM CLOCK BAKELIKE RED,2010-12-01 10:47:00.000000 UTC,8,3.75,30.0,13767,United Kingdom,2010-12-01,2010,12,2010-12,Wednesday,10
536395,21314,SMALL GLASS HEART TRINKET POT,2010-12-01 10:47:00.000000 UTC,8,2.1,16.8,13767,United Kingdom,2010-12-01,2010,12,2010-12,Wednesday,10
536395,22730,ALARM CLOCK BAKELIKE IVORY,2010-12-01 10:47:00.000000 UTC,4,3.75,15.0,13767,United Kingdom,2010-12-01,2010,12,2010-12,Wednesday,10
536395,21977,PACK OF 60 PINK PAISLEY CAKE CASES,2010-12-01 10:47:00.000000 UTC,24,0.55,13.2,13767,United Kingdom,2010-12-01,2010,12,2010-12,Wednesday,10
536396,85123A,WHITE HANGING HEART T-LIGHT HOLDER,2010-12-01 10:51:00.000000 UTC,6,2.55,15.3,17850,United Kingdom,2010-12-01,2010,12,2010-12,Wednesday,10
536396,84029G,KNITTED UNION FLAG HOT WATER BOTTLE,2010-12-01 10:51:00.000000 UTC,6,3.39,20.34,17850,United Kingdom,2010-12-01,2010,12,2010-12,Wednesday,10
536396,15056BL,EDWARDIAN PARASOL BLACK,2010-12-01 10:51:00.000000 UTC,6,4.95,29.7,17850,United Kingdom,2010-12-01,2010,12,2010-12,Wednesday,10
536396,21071,VINTAGE BILLBOARD DRINK ME MUG,2010-12-01 10:51:00.000000 UTC,6,1.06,6.36,17850,United Kingdom,2010-12-01,2010,12,2010-12,Wednesday,10
536396,21068,VINTAGE BILLBOARD LOVE/HATE MUG,2010-12-01 10:51:00.000000 UTC,6,1.06,6.36,17850,United Kingdom,2010-12-01,2010,12,2010-12,Wednesday,10
536396,21730,GLASS STAR FROSTED T-LIGHT HOLDER,2010-12-01 10:51:00.000000 UTC,6,4.25,25.5,17850,United Kingdom,2010-12-01,2010,12,2010-12,Wednesday,10
536396,21871,SAVE THE PLANET MUG,2010-12-01 10:51:00.000000 UTC,6,1.06,6.36,17850,United Kingdom,2010-12-01,2010,12,2010-12,Wednesday,10
536396,82494L,WOODEN FRAME ANTIQUE WHITE,2010-12-01 10:51:00.000000 UTC,12,2.55,30.6,17850,United Kingdom,2010-12-01,2010,12,2010-12,Wednesday,10
536396,84406B,CREAM CUPID HEARTS COAT HANGER,2010-12-01 10:51:00.000000 UTC,8,2.75,22.0,17850,United Kingdom,2010-12-01,2010,12,2010-12,Wednesday,10
536396,22803,IVORY EMBROIDERED QUILT,2010-12-01 10:51:00.000000 UTC,2,35.75,71.5,17850,United Kingdom,2010-12-01,2010,12,2010-12,Wednesday,10
536396,22752,SET 7 BABUSHKA NESTING BOXES,2010-12-01 10:51:00.000000 UTC,2,7.65,15.3,17850,United Kingdom,2010-12-01,2010,12,2010-12,Wednesday,10
536396,71053,WHITE METAL LANTERN,2010-12-01 10:51:00.000000 UTC,6,3.39,20.34,17850,United Kingdom,2010-12-01,2010,12,2010-12,Wednesday,10
536396,82486,WOOD S/3 CABINET ANT WHITE FINISH,2010-12-01 10:51:00.000000 UTC,4,6.95,27.8,17850,United Kingdom,2010-12-01,2010,12,2010-12,Wednesday,10
536396,37370,RETRO COFFEE MUGS ASSORTED,2010-12-01 10:51:00.000000 UTC,6,1.06,6.36,17850,United Kingdom,2010-12-01,2010,12,2010-12,Wednesday,10
536396,20679,EDWARDIAN PARASOL RED,2010-12-01 10:51:00.000000 UTC,6,4.95,29.7,17850,United Kingdom,2010-12-01,2010,12,2010-12,Wednesday,10
536396,82482,WOODEN PICTURE FRAME WHITE FINISH,2010-12-01 10:51:00.000000 UTC,6,2.1,12.6,17850,United Kingdom,2010-12-01,2010,12,2010-12,Wednesday,10
536396,82483,WOOD 2 DRAWER CABINET WHITE FINISH,2010-12-01 10:51:00.000000 UTC,2,4.95,9.9,17850,United Kingdom,2010-12-01,2010,12,2010-12,Wednesday,10
536396,84029E,RED WOOLLY HOTTIE WHITE HEART.,2010-12-01 10:51:00.000000 UTC,6,3.39,20.34,17850,United Kingdom,2010-12-01,2010,12,2010-12,Wednesday,10
536397,35004C,SET OF 3 COLOURED  FLYING DUCKS,2010-12-01 10:51:00.000000 UTC,48,4.65,223.2,17924,United Kingdom,2010-12-01,2010,12,2010-12,Wednesday,10
536397,35004B,SET OF 3 BLACK FLYING DUCKS,2010-12-01 10:51:00.000000 UTC,12,4.65,55.8,17924,United Kingdom,2010-12-01,2010,12,2010-12,Wednesday,10
536398,21980,PACK OF 12 RED RETROSPOT TISSUES,2010-12-01 10:52:00.000000 UTC,24,0.29,6.96,13448,United Kingdom,2010-12-01,2010,12,2010-12,Wednesday,10
536398,22637,PIGGY BANK RETROSPOT,2010-12-01 10:52:00.000000 UTC,8,2.55,20.4,13448,United Kingdom,2010-12-01,2010,12,2010-12,Wednesday,10
536398,22865,HAND WARMER OWL DESIGN,2010-12-01 10:52:00.000000 UTC,12,2.1,25.2,13448,United Kingdom,2010-12-01,2010,12,2010-12,Wednesday,10
536398,22064,PINK DOUGHNUT TRINKET POT,2010-12-01 10:52:00.000000 UTC,12,1.65,19.8,13448,United Kingdom,2010-12-01,2010,12,2010-12,Wednesday,10
536398,21479,WHITE SKULL HOT WATER BOTTLE,2010-12-01 10:52:00.000000 UTC,4,3.75,15.0,13448,United Kingdom,2010-12-01,2010,12,2010-12,Wednesday,10
536398,22468,BABUSHKA LIGHTS STRING OF 10,2010-12-01 10:52:00.000000 UTC,4,6.75,27.0,13448,United Kingdom,2010-12-01,2010,12,2010-12,Wednesday,10
536398,22835,HOT WATER BOTTLE I AM SO POORLY,2010-12-01 10:52:00.000000 UTC,8,4.65,37.2,13448,United Kingdom,2010-12-01,2010,12,2010-12,Wednesday,10
536398,21844,RED RETROSPOT MUG,2010-12-01 10:52:00.000000 UTC,6,2.95,17.7,13448,United Kingdom,2010-12-01,2010,12,2010-12,Wednesday,10
536398,22112,CHOCOLATE HOT WATER BOTTLE,2010-12-01 10:52:00.000000 UTC,9,4.95,44.55,13448,United Kingdom,2010-12-01,2010,12,2010-12,Wednesday,10
536398,48185,DOORMAT FAIRY CAKE,2010-12-01 10:52:00.000000 UTC,2,7.95,15.9,13448,United Kingdom,2010-12-01,2010,12,2010-12,Wednesday,10
536398,22632,HAND WARMER RED RETROSPOT,2010-12-01 10:52:00.000000 UTC,12,2.1,25.2,13448,United Kingdom,2010-12-01,2010,12,2010-12,Wednesday,10
536398,22449,SILK PURSE BABUSHKA PINK,2010-12-01 10:52:00.000000 UTC,6,3.35,20.1,13448,United Kingdom,2010-12-01,2010,12,2010-12,Wednesday,10
536398,22866,HAND WARMER SCOTTY DOG DESIGN,2010-12-01 10:52:00.000000 UTC,12,2.1,25.2,13448,United Kingdom,2010-12-01,2010,12,2010-12,Wednesday,10
536398,22114,HOT WATER BOTTLE TEA AND SYMPATHY,2010-12-01 10:52:00.000000 UTC,4,3.95,15.8,13448,United Kingdom,2010-12-01,2010,12,2010-12,Wednesday,10
536398,22111,SCOTTIE DOG HOT WATER BOTTLE,2010-12-01 10:52:00.000000 UTC,9,4.95,44.55,13448,United Kingdom,2010-12-01,2010,12,2010-12,Wednesday,10
536398,22752,SET 7 BABUSHKA NESTING BOXES,2010-12-01 10:52:00.000000 UTC,6,8.5,51.0,13448,United Kingdom,2010-12-01,2010,12,2010-12,Wednesday,10
536398,21232,STRAWBERRY CERAMIC TRINKET BOX,2010-12-01 10:52:00.000000 UTC,12,1.25,15.0,13448,United Kingdom,2010-12-01,2010,12,2010-12,Wednesday,10
536399,22632,HAND WARMER RED POLKA DOT,2010-12-01 10:52:00.000000 UTC,6,1.85,11.1,17850,United Kingdom,2010-12-01,2010,12,2010-12,Wednesday,10
536399,22633,HAND WARMER UNION JACK,2010-12-01 10:52:00.000000 UTC,6,1.85,11.1,17850,United Kingdom,2010-12-01,2010,12,2010-12,Wednesday,10
536400,22969,HOMEMADE JAM SCENTED CANDLES,2010-12-01 10:53:00.000000 UTC,12,1.45,17.4,13448,United Kingdom,2010-12-01,2010,12,2010-12,Wednesday,10
536401,22428,ENAMEL FIRE BUCKET CREAM,2010-12-01 11:21:00.000000 UTC,2,6.95,13.9,15862,United Kingdom,2010-12-01,2010,12,2010-12,Wednesday,11
536401,85150,LADIES & GENTLEMEN METAL SIGN,2010-12-01 11:21:00.000000 UTC,1,2.55,2.55,15862,United Kingdom,2010-12-01,2010,12,2010-12,Wednesday,11
536401,82580,BATHROOM METAL SIGN,2010-12-01 11:21:00.000000 UTC,1,0.55,0.55,15862,United Kingdom,2010-12-01,2010,12,2010-12,Wednesday,11
536401,84625C,BLUE NEW BAROQUE CANDLESTICK CANDLE,2010-12-01 11:21:00.000000 UTC,3,2.95,8.85,15862,United Kingdom,2010-12-01,2010,12,2010-12,Wednesday,11
536401,22961,JAM MAKING SET PRINTED,2010-12-01 11:21:00.000000 UTC,4,1.45,5.8,15862,United Kingdom,2010-12-01,2010,12,2010-12,Wednesday,11
536401,21463,MIRRORED DISCO BALL,2010-12-01 11:21:00.000000 UTC,1,5.95,5.95,15862,United Kingdom,2010-12-01,2010,12,2010-12,Wednesday,11
536401,22767,TRIPLE PHOTO FRAME CORNICE,2010-12-01 11:21:00.000000 UTC,2,9.95,19.9,15862,United Kingdom,2010-12-01,2010,12,2010-12,Wednesday,11
536401,22809,SET OF 6 T-LIGHTS SANTA,2010-12-01 11:21:00.000000 UTC,1,2.95,2.95,15862,United Kingdom,2010-12-01,2010,12,2010-12,Wednesday,11
536401,21743,STAR PORTABLE TABLE LIGHT,2010-12-01 11:21:00.000000 UTC,2,2.95,5.9,15862,United Kingdom,2010-12-01,2010,12,2010-12,Wednesday,11
536401,21033,JUMBO BAG CHARLIE AND LOLA TOYS,2010-12-01 11:21:00.000000 UTC,4,2.95,11.8,15862,United Kingdom,2010-12-01,2010,12,2010-12,Wednesday,11
536401,82578,KITCHEN METAL SIGN,2010-12-01 11:21:00.000000 UTC,1,0.55,0.55,15862,United Kingdom,2010-12-01,2010,12,2010-12,Wednesday,11
536401,21122,SET/10 PINK POLKADOT PARTY CANDLES,2010-12-01 11:21:00.000000 UTC,1,1.25,1.25,15862,United Kingdom,2010-12-01,2010,12,2010-12,Wednesday,11
536401,22804,CANDLEHOLDER PINK HANGING HEART,2010-12-01 11:21:00.000000 UTC,3,2.95,8.85,15862,United Kingdom,2010-12-01,2010,12,2010-12,Wednesday,11
536401,84991,60 TEATIME FAIRY CAKE CASES,2010-12-01 11:21:00.000000 UTC,3,0.55,1.65,15862,United Kingdom,2010-12-01,2010,12,2010-12,Wednesday,11
536401,22435,SET OF 9 HEART SHAPED BALLOONS,2010-12-01 11:21:00.000000 UTC,2,1.25,2.5,15862,United Kingdom,2010-12-01,2010,12,2010-12,Wednesday,11
536401,22467,GUMBALL COAT RACK,2010-12-01 11:21:00.000000 UTC,5,2.55,12.75,15862,United Kingdom,2010-12-01,2010,12,2010-12,Wednesday,11
536401,84509A,SET OF 4 ENGLISH ROSE PLACEMATS,2010-12-01 11:21:00.000000 UTC,2,3.75,7.5,15862,United Kingdom,2010-12-01,2010,12,2010-12,Wednesday,11
536401,84709B,PINK OVAL JEWELLED MIRROR,2010-12-01 11:21:00.000000 UTC,1,5.95,5.95,15862,United Kingdom,2010-12-01,2010,12,2010-12,Wednesday,11
536401,22768,FAMILY PHOTO FRAME CORNICE,2010-12-01 11:21:00.000000 UTC,1,9.95,9.95,15862,United Kingdom,2010-12-01,2010,12,2010-12,Wednesday,11
536401,22098,BOUDOIR SQUARE TISSUE BOX,2010-12-01 11:21:00.000000 UTC,1,1.25,1.25,15862,United Kingdom,2010-12-01,2010,12,2010-12,Wednesday,11
536401,82483,WOOD 2 DRAWER CABINET WHITE FINISH,2010-12-01 11:21:00.000000 UTC,1,5.95,5.95,15862,United Kingdom,2010-12-01,2010,12,2010-12,Wednesday,11
536401,21169,YOU'RE CONFUSING ME METAL SIGN,2010-12-01 11:21:00.000000 UTC,2,1.69,3.38,15862,United Kingdom,2010-12-01,2010,12,2010-12,Wednesday,11
536401,84744,S/6 SEW ON CROCHET FLOWERS,2010-12-01 11:21:00.000000 UTC,1,1.25,1.25,15862,United Kingdom,2010-12-01,2010,12,2010-12,Wednesday,11
536401,48129,DOORMAT TOPIARY,2010-12-01 11:21:00.000000 UTC,1,7.95,7.95,15862,United Kingdom,2010-12-01,2010,12,2010-12,Wednesday,11
536401,85049E,SCANDINAVIAN REDS RIBBONS,2010-12-01 11:21:00.000000 UTC,2,1.25,2.5,15862,United Kingdom,2010-12-01,2010,12,2010-12,Wednesday,11
536401,22662,LUNCH BAG DOLLY GIRL DESIGN,2010-12-01 11:21:00.000000 UTC,1,1.65,1.65,15862,United Kingdom,2010-12-01,2010,12,2010-12,Wednesday,11
536401,85123A,WHITE HANGING HEART T-LIGHT HOLDER,2010-12-01 11:21:00.000000 UTC,4,2.95,11.8,15862,United Kingdom,2010-12-01,2010,12,2010-12,Wednesday,11
536401,22100,SKULLS SQUARE TISSUE BOX,2010-12-01 11:21:00.000000 UTC,2,1.25,2.5,15862,United Kingdom,2010-12-01,2010,12,2010-12,Wednesday,11
536401,20820,SILVER LOOKING MIRROR,2010-12-01 11:21:00.000000 UTC,3,4.95,14.85,15862,United Kingdom,2010-12-01,2010,12,2010-12,Wednesday,11
536401,21464,DISCO BALL ROTATOR BATTERY OPERATED,2010-12-01 11:21:00.000000 UTC,1,4.25,4.25,15862,United Kingdom,2010-12-01,2010,12,2010-12,Wednesday,11
536401,22851,SET 20 NAPKINS FAIRY CAKES DESIGN,2010-12-01 11:21:00.000000 UTC,1,0.85,0.85,15862,United Kingdom,2010-12-01,2010,12,2010-12,Wednesday,11
536401,22502,PICNIC BASKET WICKER SMALL,2010-12-01 11:21:00.000000 UTC,2,5.95,11.9,15862,United Kingdom,2010-12-01,2010,12,2010-12,Wednesday,11
536401,22549,PICTURE DOMINOES,2010-12-01 11:21:00.000000 UTC,1,1.45,1.45,15862,United Kingdom,2010-12-01,2010,12,2010-12,Wednesday,11
536401,20725,LUNCH BAG RED RETROSPOT,2010-12-01 11:21:00.000000 UTC,1,1.65,1.65,15862,United Kingdom,2010-12-01,2010,12,2010-12,Wednesday,11
536401,21108,FAIRY CAKE FLANNEL ASSORTED COLOUR,2010-12-01 11:21:00.000000 UTC,9,2.55,22.95,15862,United Kingdom,2010-12-01,2010,12,2010-12,Wednesday,11
536401,82581,TOILET METAL SIGN,2010-12-01 11:21:00.000000 UTC,2,0.55,1.1,15862,United Kingdom,2010-12-01,2010,12,2010-12,Wednesday,11
536401,21907,I'M ON HOLIDAY METAL SIGN,2010-12-01 11:21:00.000000 UTC,2,2.1,4.2,15862,United Kingdom,2010-12-01,2010,12,2010-12,Wednesday,11
536401,22382,LUNCH BAG SPACEBOY DESIGN,2010-12-01 11:21:00.000000 UTC,2,1.65,3.3,15862,United Kingdom,2010-12-01,2010,12,2010-12,Wednesday,11
536401,20726,LUNCH BAG WOODLAND,2010-12-01 11:21:00.000000 UTC,1,1.65,1.65,15862,United Kingdom,2010-12-01,2010,12,2010-12,Wednesday,11
536401,22110,BIRD HOUSE HOT WATER BOTTLE,2010-12-01 11:21:00.000000 UTC,1,2.55,2.55,15862,United Kingdom,2010-12-01,2010,12,2010-12,Wednesday,11
536401,22473,TV DINNER TRAY VINTAGE PAISLEY,2010-12-01 11:21:00.000000 UTC,1,4.95,4.95,15862,United Kingdom,2010-12-01,2010,12,2010-12,Wednesday,11
536401,47570B,TEA TIME TABLE CLOTH,2010-12-01 11:21:00.000000 UTC,1,10.65,10.65,15862,United Kingdom,2010-12-01,2010,12,2010-12,Wednesday,11
536401,22117,METAL SIGN HER DINNER IS SERVED,2010-12-01 11:21:00.000000 UTC,1,2.95,2.95,15862,United Kingdom,2010-12-01,2010,12,2010-12,Wednesday,11
536401,84030E,ENGLISH ROSE HOT WATER BOTTLE,2010-12-01 11:21:00.000000 UTC,1,4.25,4.25,15862,United Kingdom,2010-12-01,2010,12,2010-12,Wednesday,11
536401,21592,RETROSPOT CIGAR BOX MATCHES,2010-12-01 11:21:00.000000 UTC,1,1.25,1.25,15862,United Kingdom,2010-12-01,2010,12,2010-12,Wednesday,11
536401,20961,STRAWBERRY BATH SPONGE,2010-12-01 11:21:00.000000 UTC,1,1.25,1.25,15862,United Kingdom,2010-12-01,2010,12,2010-12,Wednesday,11
536401,21587,COSY HOUR GIANT TUBE MATCHES,2010-12-01 11:21:00.000000 UTC,2,2.55,5.1,15862,United Kingdom,2010-12-01,2010,12,2010-12,Wednesday,11
536401,84510A,SET OF 4 ENGLISH ROSE COASTERS,2010-12-01 11:21:00.000000 UTC,2,1.25,2.5,15862,United Kingdom,2010-12-01,2010,12,2010-12,Wednesday,11
536401,20963,APPLE BATH SPONGE,2010-12-01 11:21:00.000000 UTC,1,1.25,1.25,15862,United Kingdom,2010-12-01,2010,12,2010-12,Wednesday,11
536401,22810,SET OF 6 T-LIGHTS SNOWMEN,2010-12-01 11:21:00.000000 UTC,1,2.95,2.95,15862,United Kingdom,2010-12-01,2010,12,2010-12,Wednesday,11
536401,20992,JAZZ HEARTS PURSE NOTEBOOK,2010-12-01 11:21:00.000000 UTC,9,0.85,7.65,15862,United Kingdom,2010-12-01,2010,12,2010-12,Wednesday,11
536401,84625A,PINK NEW BAROQUECANDLESTICK CANDLE,2010-12-01 11:21:00.000000 UTC,3,2.95,8.85,15862,United Kingdom,2010-12-01,2010,12,2010-12,Wednesday,11
536401,22451,SILK PURSE BABUSHKA RED,2010-12-01 11:21:00.000000 UTC,1,3.35,3.35,15862,United Kingdom,2010-12-01,2010,12,2010-12,Wednesday,11
536401,22441,GROW YOUR OWN BASIL IN ENAMEL MUG,2010-12-01 11:21:00.000000 UTC,1,2.1,2.1,15862,United Kingdom,2010-12-01,2010,12,2010-12,Wednesday,11
536401,22068,BLACK PIRATE TREASURE CHEST,2010-12-01 11:21:00.000000 UTC,2,1.65,3.3,15862,United Kingdom,2010-12-01,2010,12,2010-12,Wednesday,11
536401,22384,LUNCH BAG PINK POLKADOT,2010-12-01 11:21:00.000000 UTC,1,1.65,1.65,15862,United Kingdom,2010-12-01,2010,12,2010-12,Wednesday,11
536401,17091A,LAVENDER INCENSE IN TIN,2010-12-01 11:21:00.000000 UTC,1,1.25,1.25,15862,United Kingdom,2010-12-01,2010,12,2010-12,Wednesday,11
536401,20966,SANDWICH BATH SPONGE,2010-12-01 11:21:00.000000 UTC,3,1.25,3.75,15862,United Kingdom,2010-12-01,2010,12,2010-12,Wednesday,11
536401,20749,ASSORTED COLOUR MINI CASES,2010-12-01 11:21:00.000000 UTC,1,7.95,7.95,15862,United Kingdom,2010-12-01,2010,12,2010-12,Wednesday,11
536401,22848,BREAD BIN DINER STYLE PINK,2010-12-01 11:21:00.000000 UTC,1,16.95,16.95,15862,United Kingdom,2010-12-01,2010,12,2010-12,Wednesday,11
536401,21328,BALLOONS  WRITING SET,2010-12-01 11:21:00.000000 UTC,1,1.65,1.65,15862,United Kingdom,2010-12-01,2010,12,2010-12,Wednesday,11
536401,22766,PHOTO FRAME CORNICE,2010-12-01 11:21:00.000000 UTC,1,2.95,2.95,15862,United Kingdom,2010-12-01,2010,12,2010-12,Wednesday,11
536401,22413,METAL SIGN TAKE IT OR LEAVE IT,2010-12-01 11:21:00.000000 UTC,4,2.95,11.8,15862,United Kingdom,2010-12-01,2010,12,2010-12,Wednesday,11
536401,21744,SNOWFLAKE PORTABLE TABLE LIGHT,2010-12-01 11:21:00.000000 UTC,2,2.95,5.9,15862,United Kingdom,2010-12-01,2010,12,2010-12,Wednesday,11
536402,22086,PAPER CHAIN KIT 50'S CHRISTMAS,2010-12-01 11:22:00.000000 UTC,40,2.55,102.0,15513,United Kingdom,2010-12-01,2010,12,2010-12,Wednesday,11
536402,22910,PAPER CHAIN KIT VINTAGE CHRISTMAS,2010-12-01 11:22:00.000000 UTC,40,2.55,102.0,15513,United Kingdom,2010-12-01,2010,12,2010-12,Wednesday,11
536402,22837,HOT WATER BOTTLE BABUSHKA,2010-12-01 11:22:00.000000 UTC,36,4.25,153.0,15513,United Kingdom,2010-12-01,2010,12,2010-12,Wednesday,11
536403,22867,HAND WARMER BIRD DESIGN,2010-12-01 11:27:00.000000 UTC,96,1.85,177.6,12791,Netherlands,2010-12-01,2010,12,2010-12,Wednesday,11
536403,POST,POSTAGE,2010-12-01 11:27:00.000000 UTC,1,15.0,15.0,12791,Netherlands,2010-12-01,2010,12,2010-12,Wednesday,11
536404,20728,LUNCH BAG CARS BLUE,2010-12-01 11:29:00.000000 UTC,10,1.65,16.5,16218,United Kingdom,2010-12-01,2010,12,2010-12,Wednesday,11
536404,85049D,BRIGHT BLUES RIBBONS,2010-12-01 11:29:00.000000 UTC,12,1.25,15.0,16218,United Kingdom,2010-12-01,2010,12,2010-12,Wednesday,11
536404,22417,PACK OF 60 SPACEBOY CAKE CASES,2010-12-01 11:29:00.000000 UTC,24,0.55,13.2,16218,United Kingdom,2010-12-01,2010,12,2010-12,Wednesday,11
536404,85049E,SCANDINAVIAN REDS RIBBONS,2010-12-01 11:29:00.000000 UTC,12,1.25,15.0,16218,United Kingdom,2010-12-01,2010,12,2010-12,Wednesday,11
536404,20727,LUNCH BAG  BLACK SKULL.,2010-12-01 11:29:00.000000 UTC,10,1.65,16.5,16218,United Kingdom,2010-12-01,2010,12,2010-12,Wednesday,11
536404,21063,PARTY INVITES JAZZ HEARTS,2010-12-01 11:29:00.000000 UTC,12,0.85,10.2,16218,United Kingdom,2010-12-01,2010,12,2010-12,Wednesday,11
536404,21061,PARTY INVITES FOOTBALL,2010-12-01 11:29:00.000000 UTC,12,0.85,10.2,16218,United Kingdom,2010-12-01,2010,12,2010-12,Wednesday,11
536404,84380,SET OF 3 BUTTERFLY COOKIE CUTTERS,2010-12-01 11:29:00.000000 UTC,12,1.25,15.0,16218,United Kingdom,2010-12-01,2010,12,2010-12,Wednesday,11
536404,21126,SET OF 6 GIRLS CELEBRATION CANDLES,2010-12-01 11:29:00.000000 UTC,12,1.25,15.0,16218,United Kingdom,2010-12-01,2010,12,2010-12,Wednesday,11
536404,85049G,CHOCOLATE BOX RIBBONS,2010-12-01 11:29:00.000000 UTC,12,1.25,15.0,16218,United Kingdom,2010-12-01,2010,12,2010-12,Wednesday,11
536404,84992,72 SWEETHEART FAIRY CAKE CASES,2010-12-01 11:29:00.000000 UTC,24,0.55,13.2,16218,United Kingdom,2010-12-01,2010,12,2010-12,Wednesday,11
536404,22297,HEART IVORY TRELLIS SMALL,2010-12-01 11:29:00.000000 UTC,24,1.25,30.0,16218,United Kingdom,2010-12-01,2010,12,2010-12,Wednesday,11
536404,22805,BLUE DRAWER KNOB ACRYLIC EDWARDIAN,2010-12-01 11:29:00.000000 UTC,12,1.25,15.0,16218,United Kingdom,2010-12-01,2010,12,2010-12,Wednesday,11
536404,22771,CLEAR DRAWER KNOB ACRYLIC EDWARDIAN,2010-12-01 11:29:00.000000 UTC,12,1.25,15.0,16218,United Kingdom,2010-12-01,2010,12,2010-12,Wednesday,11
536404,21975,PACK OF 60 DINOSAUR CAKE CASES,2010-12-01 11:29:00.000000 UTC,24,0.55,13.2,16218,United Kingdom,2010-12-01,2010,12,2010-12,Wednesday,11
536404,22773,GREEN DRAWER KNOB ACRYLIC EDWARDIAN,2010-12-01 11:29:00.000000 UTC,12,1.25,15.0,16218,United Kingdom,2010-12-01,2010,12,2010-12,Wednesday,11
536404,84378,SET OF 3 HEART COOKIE CUTTERS,2010-12-01 11:29:00.000000 UTC,12,1.25,15.0,16218,United Kingdom,2010-12-01,2010,12,2010-12,Wednesday,11
536404,21062,PARTY INVITES SPACEMAN,2010-12-01 11:29:00.000000 UTC,12,0.85,10.2,16218,United Kingdom,2010-12-01,2010,12,2010-12,Wednesday,11
536404,22964,3 PIECE SPACEBOY COOKIE CUTTER SET,2010-12-01 11:29:00.000000 UTC,12,2.1,25.2,16218,United Kingdom,2010-12-01,2010,12,2010-12,Wednesday,11
536404,22772,PINK DRAWER KNOB ACRYLIC EDWARDIAN,2010-12-01 11:29:00.000000 UTC,12,1.25,15.0,16218,United Kingdom,2010-12-01,2010,12,2010-12,Wednesday,11
536404,22469,HEART OF WICKER SMALL,2010-12-01 11:29:00.000000 UTC,12,1.65,19.8,16218,United Kingdom,2010-12-01,2010,12,2010-12,Wednesday,11
536404,21212,PACK OF 72 RETROSPOT CAKE CASES,2010-12-01 11:29:00.000000 UTC,24,0.55,13.2,16218,United Kingdom,2010-12-01,2010,12,2010-12,Wednesday,11
536404,21125,SET 6 FOOTBALL CELEBRATION CANDLES,2010-12-01 11:29:00.000000 UTC,12,1.25,15.0,16218,United Kingdom,2010-12-01,2010,12,2010-12,Wednesday,11
536404,85049C,ROMANTIC PINKS RIBBONS,2010-12-01 11:29:00.000000 UTC,12,1.25,15.0,16218,United Kingdom,2010-12-01,2010,12,2010-12,Wednesday,11
536404,22197,SMALL POPCORN HOLDER,2010-12-01 11:29:00.000000 UTC,36,0.85,30.6,16218,United Kingdom,2010-12-01,2010,12,2010-12,Wednesday,11
536404,22383,LUNCH BAG SUKI  DESIGN,2010-12-01 11:29:00.000000 UTC,10,1.65,16.5,16218,United Kingdom,2010-12-01,2010,12,2010-12,Wednesday,11
536404,22296,HEART IVORY TRELLIS LARGE,2010-12-01 11:29:00.000000 UTC,24,1.65,39.6,16218,United Kingdom,2010-12-01,2010,12,2010-12,Wednesday,11
536404,21213,PACK OF 72 SKULL CAKE CASES,2010-12-01 11:29:00.000000 UTC,24,0.55,13.2,16218,United Kingdom,2010-12-01,2010,12,2010-12,Wednesday,11
536405,20914,SET/5 RED RETROSPOT LID GLASS BOWLS,2010-12-01 11:32:00.000000 UTC,128,2.55,326.4,14045,United Kingdom,2010-12-01,2010,12,2010-12,Wednesday,11
536406,37370,RETRO COFFEE MUGS ASSORTED,2010-12-01 11:33:00.000000 UTC,6,1.06,6.36,17850,United Kingdom,2010-12-01,2010,12,2010-12,Wednesday,11
536406,82494L,WOODEN FRAME ANTIQUE WHITE,2010-12-01 11:33:00.000000 UTC,6,2.55,15.3,17850,United Kingdom,2010-12-01,2010,12,2010-12,Wednesday,11
536406,21071,VINTAGE BILLBOARD DRINK ME MUG,2010-12-01 11:33:00.000000 UTC,6,1.06,6.36,17850,United Kingdom,2010-12-01,2010,12,2010-12,Wednesday,11
536406,84029E,RED WOOLLY HOTTIE WHITE HEART.,2010-12-01 11:33:00.000000 UTC,6,3.39,20.34,17850,United Kingdom,2010-12-01,2010,12,2010-12,Wednesday,11
536406,22803,IVORY EMBROIDERED QUILT,2010-12-01 11:33:00.000000 UTC,2,35.75,71.5,17850,United Kingdom,2010-12-01,2010,12,2010-12,Wednesday,11
536406,71053,WHITE METAL LANTERN,2010-12-01 11:33:00.000000 UTC,8,3.39,27.12,17850,United Kingdom,2010-12-01,2010,12,2010-12,Wednesday,11
536406,21068,VINTAGE BILLBOARD LOVE/HATE MUG,2010-12-01 11:33:00.000000 UTC,6,1.06,6.36,17850,United Kingdom,2010-12-01,2010,12,2010-12,Wednesday,11
536406,82482,WOODEN PICTURE FRAME WHITE FINISH,2010-12-01 11:33:00.000000 UTC,6,2.1,12.6,17850,United Kingdom,2010-12-01,2010,12,2010-12,Wednesday,11
536406,20679,EDWARDIAN PARASOL RED,2010-12-01 11:33:00.000000 UTC,6,4.95,29.7,17850,United Kingdom,2010-12-01,2010,12,2010-12,Wednesday,11
536406,21730,GLASS STAR FROSTED T-LIGHT HOLDER,2010-12-01 11:33:00.000000 UTC,6,4.25,25.5,17850,United Kingdom,2010-12-01,2010,12,2010-12,Wednesday,11
536406,82483,WOOD 2 DRAWER CABINET WHITE FINISH,2010-12-01 11:33:00.000000 UTC,4,4.95,19.8,17850,United Kingdom,2010-12-01,2010,12,2010-12,Wednesday,11
536406,84029G,KNITTED UNION FLAG HOT WATER BOTTLE,2010-12-01 11:33:00.000000 UTC,6,3.39,20.34,17850,United Kingdom,2010-12-01,2010,12,2010-12,Wednesday,11
536406,22752,SET 7 BABUSHKA NESTING BOXES,2010-12-01 11:33:00.000000 UTC,2,7.65,15.3,17850,United Kingdom,2010-12-01,2010,12,2010-12,Wednesday,11
536406,82486,WOOD S/3 CABINET ANT WHITE FINISH,2010-12-01 11:33:00.000000 UTC,4,6.95,27.8,17850,United Kingdom,2010-12-01,2010,12,2010-12,Wednesday,11
536406,84406B,CREAM CUPID HEARTS COAT HANGER,2010-12-01 11:33:00.000000 UTC,8,2.75,22.0,17850,United Kingdom,2010-12-01,2010,12,2010-12,Wednesday,11
536406,21871,SAVE THE PLANET MUG,2010-12-01 11:33:00.000000 UTC,6,1.06,6.36,17850,United Kingdom,2010-12-01,2010,12,2010-12,Wednesday,11
536406,85123A,WHITE HANGING HEART T-LIGHT HOLDER,2010-12-01 11:33:00.000000 UTC,8,2.55,20.4,17850,United Kingdom,2010-12-01,2010,12,2010-12,Wednesday,11
536407,22632,HAND WARMER RED POLKA DOT,2010-12-01 11:34:00.000000 UTC,6,1.85,11.1,17850,United Kingdom,2010-12-01,2010,12,2010-12,Wednesday,11
536407,22633,HAND WARMER UNION JACK,2010-12-01 11:34:00.000000 UTC,6,1.85,11.1,17850,United Kingdom,2010-12-01,2010,12,2010-12,Wednesday,11
536408,22914,BLUE COAT RACK PARIS FASHION,2010-12-01 11:41:00.000000 UTC,3,4.95,14.85,14307,United Kingdom,2010-12-01,2010,12,2010-12,Wednesday,11
536408,22492,MINI PAINT SET VINTAGE,2010-12-01 11:41:00.000000 UTC,36,0.65,23.4,14307,United Kingdom,2010-12-01,2010,12,2010-12,Wednesday,11
536408,21212,PACK OF 72 RETROSPOT CAKE CASES,2010-12-01 11:41:00.000000 UTC,24,0.55,13.2,14307,United Kingdom,2010-12-01,2010,12,2010-12,Wednesday,11
536408,21479,WHITE SKULL HOT WATER BOTTLE,2010-12-01 11:41:00.000000 UTC,4,3.75,15.0,14307,United Kingdom,2010-12-01,2010,12,2010-12,Wednesday,11
536408,22813,PACK 3 BOXES BIRD PANNETONE,2010-12-01 11:41:00.000000 UTC,12,1.95,23.4,14307,United Kingdom,2010-12-01,2010,12,2010-12,Wednesday,11
536408,48194,DOORMAT HEARTS,2010-12-01 11:41:00.000000 UTC,2,7.95,15.9,14307,United Kingdom,2010-12-01,2010,12,2010-12,Wednesday,11
536408,84879,ASSORTED COLOUR BIRD ORNAMENT,2010-12-01 11:41:00.000000 UTC,8,1.69,13.52,14307,United Kingdom,2010-12-01,2010,12,2010-12,Wednesday,11
536408,21914,BLUE HARMONICA IN BOX,2010-12-01 11:41:00.000000 UTC,12,1.25,15.0,14307,United Kingdom,2010-12-01,2010,12,2010-12,Wednesday,11
536408,84029E,RED WOOLLY HOTTIE WHITE HEART.,2010-12-01 11:41:00.000000 UTC,4,3.75,15.0,14307,United Kingdom,2010-12-01,2010,12,2010-12,Wednesday,11
536408,22465,HANGING METAL STAR LANTERN,2010-12-01 11:41:00.000000 UTC,12,1.65,19.8,14307,United Kingdom,2010-12-01,2010,12,2010-12,Wednesday,11
536408,21832,CHOCOLATE CALCULATOR,2010-12-01 11:41:00.000000 UTC,12,1.65,19.8,14307,United Kingdom,2010-12-01,2010,12,2010-12,Wednesday,11
536408,84970L,SINGLE HEART ZINC T-LIGHT HOLDER,2010-12-01 11:41:00.000000 UTC,12,0.95,11.4,14307,United Kingdom,2010-12-01,2010,12,2010-12,Wednesday,11
536408,85014B,RED RETROSPOT UMBRELLA,2010-12-01 11:41:00.000000 UTC,3,5.95,17.85,14307,United Kingdom,2010-12-01,2010,12,2010-12,Wednesday,11
536408,21544,SKULLS  WATER TRANSFER TATTOOS,2010-12-01 11:41:00.000000 UTC,12,0.85,10.2,14307,United Kingdom,2010-12-01,2010,12,2010-12,Wednesday,11
536408,16237,SLEEPING CAT ERASERS,2010-12-01 11:41:00.000000 UTC,30,0.21,6.3,14307,United Kingdom,2010-12-01,2010,12,2010-12,Wednesday,11
536408,20685,DOORMAT RED RETROSPOT,2010-12-01 11:41:00.000000 UTC,2,7.95,15.9,14307,United Kingdom,2010-12-01,2010,12,2010-12,Wednesday,11
536408,22418,10 COLOUR SPACEBOY PEN,2010-12-01 11:41:00.000000 UTC,24,0.85,20.4,14307,United Kingdom,2010-12-01,2010,12,2010-12,Wednesday,11
536408,84997B,RED 3 PIECE RETROSPOT CUTLERY SET,2010-12-01 11:41:00.000000 UTC,6,3.75,22.5,14307,United Kingdom,2010-12-01,2010,12,2010-12,Wednesday,11
536408,21210,SET OF 72 RETROSPOT PAPER  DOILIES,2010-12-01 11:41:00.000000 UTC,12,1.45,17.4,14307,United Kingdom,2010-12-01,2010,12,2010-12,Wednesday,11
536408,22114,HOT WATER BOTTLE TEA AND SYMPATHY,2010-12-01 11:41:00.000000 UTC,4,3.95,15.8,14307,United Kingdom,2010-12-01,2010,12,2010-12,Wednesday,11
536408,22812,PACK 3 BOXES CHRISTMAS PANNETONE,2010-12-01 11:41:00.000000 UTC,12,1.95,23.4,14307,United Kingdom,2010-12-01,2010,12,2010-12,Wednesday,11
536408,84949,SILVER HANGING T-LIGHT HOLDER,2010-12-01 11:41:00.000000 UTC,6,1.65,9.9,14307,United Kingdom,2010-12-01,2010,12,2010-12,Wednesday,11
536408,21755,LOVE BUILDING BLOCK WORD,2010-12-01 11:41:00.000000 UTC,3,5.95,17.85,14307,United Kingdom,2010-12-01,2010,12,2010-12,Wednesday,11
536408,22620,4 TRADITIONAL SPINNING TOPS,2010-12-01 11:41:00.000000 UTC,12,1.25,15.0,14307,United Kingdom,2010-12-01,2010,12,2010-12,Wednesday,11
536408,21754,HOME BUILDING BLOCK WORD,2010-12-01 11:41:00.000000 UTC,3,5.95,17.85,14307,United Kingdom,2010-12-01,2010,12,2010-12,Wednesday,11
536408,21915,RED  HARMONICA IN BOX,2010-12-01 11:41:00.000000 UTC,12,1.25,15.0,14307,United Kingdom,2010-12-01,2010,12,2010-12,Wednesday,11
536408,22488,NATURAL SLATE RECTANGLE CHALKBOARD,2010-12-01 11:41:00.000000 UTC,12,1.65,19.8,14307,United Kingdom,2010-12-01,2010,12,2010-12,Wednesday,11
536408,22706,WRAP COWBOYS,2010-12-01 11:41:00.000000 UTC,25,0.42,10.5,14307,United Kingdom,2010-12-01,2010,12,2010-12,Wednesday,11
536408,22553,PLASTERS IN TIN SKULLS,2010-12-01 11:41:00.000000 UTC,12,1.65,19.8,14307,United Kingdom,2010-12-01,2010,12,2010-12,Wednesday,11
536408,22537,MAGIC DRAWING SLATE DINOSAUR,2010-12-01 11:41:00.000000 UTC,24,0.42,10.08,14307,United Kingdom,2010-12-01,2010,12,2010-12,Wednesday,11
536408,22610,PENS ASSORTED FUNNY FACE,2010-12-01 11:41:00.000000 UTC,36,0.85,30.6,14307,United Kingdom,2010-12-01,2010,12,2010-12,Wednesday,11
536408,22736,RIBBON REEL MAKING SNOWMEN,2010-12-01 11:41:00.000000 UTC,10,1.65,16.5,14307,United Kingdom,2010-12-01,2010,12,2010-12,Wednesday,11
536408,84375,SET OF 20 KIDS COOKIE CUTTERS,2010-12-01 11:41:00.000000 UTC,12,2.1,25.2,14307,United Kingdom,2010-12-01,2010,12,2010-12,Wednesday,11
536408,22716,CARD CIRCUS PARADE,2010-12-01 11:41:00.000000 UTC,12,0.42,5.04,14307,United Kingdom,2010-12-01,2010,12,2010-12,Wednesday,11
536408,22219,LOVEBIRD HANGING DECORATION WHITE,2010-12-01 11:41:00.000000 UTC,12,0.85,10.2,14307,United Kingdom,2010-12-01,2010,12,2010-12,Wednesday,11
536408,22766,PHOTO FRAME CORNICE,2010-12-01 11:41:00.000000 UTC,8,2.95,23.6,14307,United Kingdom,2010-12-01,2010,12,2010-12,Wednesday,11
536408,22533,MAGIC DRAWING SLATE BAKE A CAKE,2010-12-01 11:41:00.000000 UTC,24,0.42,10.08,14307,United Kingdom,2010-12-01,2010,12,2010-12,Wednesday,11
536408,21705,BAG 500g SWIRLY MARBLES,2010-12-01 11:41:00.000000 UTC,12,1.65,19.8,14307,United Kingdom,2010-12-01,2010,12,2010-12,Wednesday,11
536408,22371,AIRLINE BAG VINTAGE TOKYO 78,2010-12-01 11:41:00.000000 UTC,4,4.25,17.0,14307,United Kingdom,2010-12-01,2010,12,2010-12,Wednesday,11
536408,22964,3 PIECE SPACEBOY COOKIE CUTTER SET,2010-12-01 11:41:00.000000 UTC,6,2.1,12.6,14307,United Kingdom,2010-12-01,2010,12,2010-12,Wednesday,11
536408,21733,RED HANGING HEART T-LIGHT HOLDER,2010-12-01 11:41:00.000000 UTC,6,2.95,17.7,14307,United Kingdom,2010-12-01,2010,12,2010-12,Wednesday,11
536408,85014A,BLACK/BLUE POLKADOT UMBRELLA,2010-12-01 11:41:00.000000 UTC,3,5.95,17.85,14307,United Kingdom,2010-12-01,2010,12,2010-12,Wednesday,11
536408,22178,VICTORIAN GLASS HANGING T-LIGHT,2010-12-01 11:41:00.000000 UTC,12,1.25,15.0,14307,United Kingdom,2010-12-01,2010,12,2010-12,Wednesday,11
536408,21587,COSY HOUR GIANT TUBE MATCHES,2010-12-01 11:41:00.000000 UTC,12,2.55,30.6,14307,United Kingdom,2010-12-01,2010,12,2010-12,Wednesday,11
536408,22714,CARD BIRTHDAY COWBOY,2010-12-01 11:41:00.000000 UTC,12,0.42,5.04,14307,United Kingdom,2010-12-01,2010,12,2010-12,Wednesday,11
536408,22619,SET OF 6 SOLDIER SKITTLES,2010-12-01 11:41:00.000000 UTC,4,3.75,15.0,14307,United Kingdom,2010-12-01,2010,12,2010-12,Wednesday,11
536408,20982,12 PENCILS TALL TUBE SKULLS,2010-12-01 11:41:00.000000 UTC,12,0.85,10.2,14307,United Kingdom,2010-12-01,2010,12,2010-12,Wednesday,11
536408,84347,ROTATING SILVER ANGELS T-LIGHT HLDR,2010-12-01 11:41:00.000000 UTC,6,2.55,15.3,14307,United Kingdom,2010-12-01,2010,12,2010-12,Wednesday,11
536409,20668,DISCO BALL CHRISTMAS DECORATION,2010-12-01 11:45:00.000000 UTC,24,0.12,2.88,17908,United Kingdom,2010-12-01,2010,12,2010-12,Wednesday,11
536409,22109,FULL ENGLISH BREAKFAST PLATE,2010-12-01 11:45:00.000000 UTC,1,3.75,3.75,17908,United Kingdom,2010-12-01,2010,12,2010-12,Wednesday,11
536409,21823,PAINTED METAL HEART WITH HOLLY BELL,2010-12-01 11:45:00.000000 UTC,3,1.45,4.35,17908,United Kingdom,2010-12-01,2010,12,2010-12,Wednesday,11
536409,90199C,5 STRAND GLASS NECKLACE CRYSTAL,2010-12-01 11:45:00.000000 UTC,3,6.35,19.05,17908,United Kingdom,2010-12-01,2010,12,2010-12,Wednesday,11
536409,22900,SET 2 TEA TOWELS I LOVE LONDON,2010-12-01 11:45:00.000000 UTC,1,2.95,2.95,17908,United Kingdom,2010-12-01,2010,12,2010-12,Wednesday,11
536409,22975,SPACEBOY CHILDRENS EGG CUP,2010-12-01 11:45:00.000000 UTC,1,1.25,1.25,17908,United Kingdom,2010-12-01,2010,12,2010-12,Wednesday,11
536409,84906,PINK B'FLY C/COVER W BOBBLES,2010-12-01 11:45:00.000000 UTC,1,5.95,5.95,17908,United Kingdom,2010-12-01,2010,12,2010-12,Wednesday,11
536409,21326,AGED GLASS SILVER T-LIGHT HOLDER,2010-12-01 11:45:00.000000 UTC,12,0.65,7.8,17908,United Kingdom,2010-12-01,2010,12,2010-12,Wednesday,11
536409,20717,STRAWBERRY SHOPPER BAG,2010-12-01 11:45:00.000000 UTC,1,1.25,1.25,17908,United Kingdom,2010-12-01,2010,12,2010-12,Wednesday,11
536409,22785,SQUARECUSHION COVER PINK UNION FLAG,2010-12-01 11:45:00.000000 UTC,1,6.75,6.75,17908,United Kingdom,2010-12-01,2010,12,2010-12,Wednesday,11
536409,90210B,CLEAR ACRYLIC FACETED BANGLE,2010-12-01 11:45:00.000000 UTC,1,2.95,2.95,17908,United Kingdom,2010-12-01,2010,12,2010-12,Wednesday,11
536409,20723,STRAWBERRY CHARLOTTE BAG,2010-12-01 11:45:00.000000 UTC,1,0.85,0.85,17908,United Kingdom,2010-12-01,2010,12,2010-12,Wednesday,11
536409,22075,6 RIBBONS ELEGANT CHRISTMAS,2010-12-01 11:45:00.000000 UTC,1,1.65,1.65,17908,United Kingdom,2010-12-01,2010,12,2010-12,Wednesday,11
536409,85099B,JUMBO BAG RED RETROSPOT,2010-12-01 11:45:00.000000 UTC,2,1.95,3.9,17908,United Kingdom,2010-12-01,2010,12,2010-12,Wednesday,11
536409,22972,CHILDREN'S SPACEBOY MUG,2010-12-01 11:45:00.000000 UTC,1,1.65,1.65,17908,United Kingdom,2010-12-01,2010,12,2010-12,Wednesday,11
536409,21609,SET 12 LAVENDER  BOTANICAL T-LIGHTS,2010-12-01 11:45:00.000000 UTC,1,2.95,2.95,17908,United Kingdom,2010-12-01,2010,12,2010-12,Wednesday,11
536409,21955,DOORMAT UNION JACK GUNS AND ROSES,2010-12-01 11:45:00.000000 UTC,1,7.95,7.95,17908,United Kingdom,2010-12-01,2010,12,2010-12,Wednesday,11
536409,21116,OWL DOORSTOP,2010-12-01 11:45:00.000000 UTC,1,4.95,4.95,17908,United Kingdom,2010-12-01,2010,12,2010-12,Wednesday,11
536409,90199C,5 STRAND GLASS NECKLACE CRYSTAL,2010-12-01 11:45:00.000000 UTC,2,6.35,12.7,17908,United Kingdom,2010-12-01,2010,12,2010-12,Wednesday,11
536409,22111,SCOTTIE DOG HOT WATER BOTTLE,2010-12-01 11:45:00.000000 UTC,1,4.95,4.95,17908,United Kingdom,2010-12-01,2010,12,2010-12,Wednesday,11
536409,21931,JUMBO STORAGE BAG SUKI,2010-12-01 11:45:00.000000 UTC,2,1.95,3.9,17908,United Kingdom,2010-12-01,2010,12,2010-12,Wednesday,11
536409,22197,SMALL POPCORN HOLDER,2010-12-01 11:45:00.000000 UTC,2,0.85,1.7,17908,United Kingdom,2010-12-01,2010,12,2010-12,Wednesday,11
536409,21479,WHITE SKULL HOT WATER BOTTLE,2010-12-01 11:45:00.000000 UTC,1,3.75,3.75,17908,United Kingdom,2010-12-01,2010,12,2010-12,Wednesday,11
536409,22664,TOY TIDY DOLLY GIRL DESIGN,2010-12-01 11:45:00.000000 UTC,1,2.1,2.1,17908,United Kingdom,2010-12-01,2010,12,2010-12,Wednesday,11
536409,21811,CHRISTMAS HANGING HEART WITH BELL,2010-12-01 11:45:00.000000 UTC,1,1.25,1.25,17908,United Kingdom,2010-12-01,2010,12,2010-12,Wednesday,11
536409,22183,CAKE STAND VICTORIAN FILIGREE MED,2010-12-01 11:45:00.000000 UTC,1,6.75,6.75,17908,United Kingdom,2010-12-01,2010,12,2010-12,Wednesday,11
536409,22900,SET 2 TEA TOWELS I LOVE LONDON,2010-12-01 11:45:00.000000 UTC,1,2.95,2.95,17908,United Kingdom,2010-12-01,2010,12,2010-12,Wednesday,11
536409,21867,PINK UNION JACK  LUGGAGE TAG,2010-12-01 11:45:00.000000 UTC,1,1.25,1.25,17908,United Kingdom,2010-12-01,2010,12,2010-12,Wednesday,11
536409,21866,UNION JACK FLAG LUGGAGE TAG,2010-12-01 11:45:00.000000 UTC,1,1.25,1.25,17908,United Kingdom,2010-12-01,2010,12,2010-12,Wednesday,11
536409,85169B,BLACK LOVE BIRD CANDLE,2010-12-01 11:45:00.000000 UTC,12,1.25,15.0,17908,United Kingdom,2010-12-01,2010,12,2010-12,Wednesday,11
536409,21678,PAISLEY PATTERN  STICKERS,2010-12-01 11:45:00.000000 UTC,6,0.85,5.1,17908,United Kingdom,2010-12-01,2010,12,2010-12,Wednesday,11
536409,22866,HAND WARMER SCOTTY DOG DESIGN,2010-12-01 11:45:00.000000 UTC,1,2.1,2.1,17908,United Kingdom,2010-12-01,2010,12,2010-12,Wednesday,11
536409,90199C,5 STRAND GLASS NECKLACE CRYSTAL,2010-12-01 11:45:00.000000 UTC,1,6.35,6.35,17908,United Kingdom,2010-12-01,2010,12,2010-12,Wednesday,11
536409,72802C,VANILLA SCENT CANDLE JEWELLED BOX,2010-12-01 11:45:00.000000 UTC,1,4.25,4.25,17908,United Kingdom,2010-12-01,2010,12,2010-12,Wednesday,11
536409,22074,6 RIBBONS SHIMMERING PINKS,2010-12-01 11:45:00.000000 UTC,1,1.65,1.65,17908,United Kingdom,2010-12-01,2010,12,2010-12,Wednesday,11
536409,22112,CHOCOLATE HOT WATER BOTTLE,2010-12-01 11:45:00.000000 UTC,1,4.95,4.95,17908,United Kingdom,2010-12-01,2010,12,2010-12,Wednesday,11
536409,84625A,PINK NEW BAROQUECANDLESTICK CANDLE,2010-12-01 11:45:00.000000 UTC,1,2.95,2.95,17908,United Kingdom,2010-12-01,2010,12,2010-12,Wednesday,11
536409,16238,PARTY TIME PENCIL ERASERS,2010-12-01 11:45:00.000000 UTC,28,0.21,5.88,17908,United Kingdom,2010-12-01,2010,12,2010-12,Wednesday,11
536409,21824,PAINTED METAL STAR WITH HOLLY BELLS,2010-12-01 11:45:00.000000 UTC,3,1.45,4.35,17908,United Kingdom,2010-12-01,2010,12,2010-12,Wednesday,11
536409,22568,FELTCRAFT CUSHION OWL,2010-12-01 11:45:00.000000 UTC,1,3.75,3.75,17908,United Kingdom,2010-12-01,2010,12,2010-12,Wednesday,11
536409,22633,HAND WARMER UNION JACK,2010-12-01 11:45:00.000000 UTC,1,2.1,2.1,17908,United Kingdom,2010-12-01,2010,12,2010-12,Wednesday,11
536409,85099F,JUMBO BAG STRAWBERRY,2010-12-01 11:45:00.000000 UTC,1,1.95,1.95,17908,United Kingdom,2010-12-01,2010,12,2010-12,Wednesday,11
536409,84625C,BLUE NEW BAROQUE CANDLESTICK CANDLE,2010-12-01 11:45:00.000000 UTC,3,2.95,8.85,17908,United Kingdom,2010-12-01,2010,12,2010-12,Wednesday,11
536409,20669,RED HEART LUGGAGE TAG,2010-12-01 11:45:00.000000 UTC,1,1.25,1.25,17908,United Kingdom,2010-12-01,2010,12,2010-12,Wednesday,11
536409,21866,UNION JACK FLAG LUGGAGE TAG,2010-12-01 11:45:00.000000 UTC,1,1.25,1.25,17908,United Kingdom,2010-12-01,2010,12,2010-12,Wednesday,11
536409,21980,PACK OF 12 RED RETROSPOT TISSUES,2010-12-01 11:45:00.000000 UTC,12,0.29,3.48,17908,United Kingdom,2010-12-01,2010,12,2010-12,Wednesday,11
536409,21676,FLOWERS  STICKERS,2010-12-01 11:45:00.000000 UTC,6,0.85,5.1,17908,United Kingdom,2010-12-01,2010,12,2010-12,Wednesday,11
536409,85116,BLACK CANDELABRA T-LIGHT HOLDER,2010-12-01 11:45:00.000000 UTC,1,2.1,2.1,17908,United Kingdom,2010-12-01,2010,12,2010-12,Wednesday,11
536409,85116,BLACK CANDELABRA T-LIGHT HOLDER,2010-12-01 11:45:00.000000 UTC,5,2.1,10.5,17908,United Kingdom,2010-12-01,2010,12,2010-12,Wednesday,11
536409,21065,BOOM BOX SPEAKER GIRLS,2010-12-01 11:45:00.000000 UTC,1,5.95,5.95,17908,United Kingdom,2010-12-01,2010,12,2010-12,Wednesday,11
536409,22111,SCOTTIE DOG HOT WATER BOTTLE,2010-12-01 11:45:00.000000 UTC,1,4.95,4.95,17908,United Kingdom,2010-12-01,2010,12,2010-12,Wednesday,11
536409,90129F,RED GLASS TASSLE BAG CHARM,2010-12-01 11:45:00.000000 UTC,1,2.95,2.95,17908,United Kingdom,2010-12-01,2010,12,2010-12,Wednesday,11
536409,22531,MAGIC DRAWING SLATE CIRCUS PARADE,2010-12-01 11:45:00.000000 UTC,1,0.42,0.42,17908,United Kingdom,2010-12-01,2010,12,2010-12,Wednesday,11
536409,20713,JUMBO BAG OWLS,2010-12-01 11:45:00.000000 UTC,1,1.95,1.95,17908,United Kingdom,2010-12-01,2010,12,2010-12,Wednesday,11
536409,22866,HAND WARMER SCOTTY DOG DESIGN,2010-12-01 11:45:00.000000 UTC,1,2.1,2.1,17908,United Kingdom,2010-12-01,2010,12,2010-12,Wednesday,11
536409,22198,LARGE POPCORN HOLDER,2010-12-01 11:45:00.000000 UTC,1,1.65,1.65,17908,United Kingdom,2010-12-01,2010,12,2010-12,Wednesday,11
536409,22153,ANGEL DECORATION STARS ON DRESS,2010-12-01 11:45:00.000000 UTC,6,0.42,2.52,17908,United Kingdom,2010-12-01,2010,12,2010-12,Wednesday,11
536409,20966,SANDWICH BATH SPONGE,2010-12-01 11:45:00.000000 UTC,2,1.25,2.5,17908,United Kingdom,2010-12-01,2010,12,2010-12,Wednesday,11
536412,85049E,SCANDINAVIAN REDS RIBBONS,2010-12-01 11:49:00.000000 UTC,12,1.25,15.0,17920,United Kingdom,2010-12-01,2010,12,2010-12,Wednesday,11
536412,21708,FOLDING UMBRELLA CREAM POLKADOT,2010-12-01 11:49:00.000000 UTC,1,4.95,4.95,17920,United Kingdom,2010-12-01,2010,12,2010-12,Wednesday,11
536412,22382,LUNCH BAG SPACEBOY DESIGN,2010-12-01 11:49:00.000000 UTC,3,1.65,4.95,17920,United Kingdom,2010-12-01,2010,12,2010-12,Wednesday,11
536412,85049E,SCANDINAVIAN REDS RIBBONS,2010-12-01 11:49:00.000000 UTC,1,1.25,1.25,17920,United Kingdom,2010-12-01,2010,12,2010-12,Wednesday,11
536412,22751,FELTCRAFT PRINCESS OLIVIA DOLL,2010-12-01 11:49:00.000000 UTC,2,3.75,7.5,17920,United Kingdom,2010-12-01,2010,12,2010-12,Wednesday,11
536412,21448,12 DAISY PEGS IN WOOD BOX,2010-12-01 11:49:00.000000 UTC,2,1.65,3.3,17920,United Kingdom,2010-12-01,2010,12,2010-12,Wednesday,11
536412,22326,ROUND SNACK BOXES SET OF4 WOODLAND,2010-12-01 11:49:00.000000 UTC,1,2.95,2.95,17920,United Kingdom,2010-12-01,2010,12,2010-12,Wednesday,11
536412,20727,LUNCH BAG  BLACK SKULL.,2010-12-01 11:49:00.000000 UTC,3,1.65,4.95,17920,United Kingdom,2010-12-01,2010,12,2010-12,Wednesday,11
536412,21708,FOLDING UMBRELLA CREAM POLKADOT,2010-12-01 11:49:00.000000 UTC,1,4.95,4.95,17920,United Kingdom,2010-12-01,2010,12,2010-12,Wednesday,11
536412,22630,DOLLY GIRL LUNCH BOX,2010-12-01 11:49:00.000000 UTC,1,1.95,1.95,17920,United Kingdom,2010-12-01,2010,12,2010-12,Wednesday,11
536412,22749,FELTCRAFT PRINCESS CHARLOTTE DOLL,2010-12-01 11:49:00.000000 UTC,2,3.75,7.5,17920,United Kingdom,2010-12-01,2010,12,2010-12,Wednesday,11
536412,22749,FELTCRAFT PRINCESS CHARLOTTE DOLL,2010-12-01 11:49:00.000000 UTC,1,3.75,3.75,17920,United Kingdom,2010-12-01,2010,12,2010-12,Wednesday,11
536412,21738,COSY SLIPPER SHOES SMALL  RED,2010-12-01 11:49:00.000000 UTC,2,2.95,5.9,17920,United Kingdom,2010-12-01,2010,12,2010-12,Wednesday,11
536412,21034,REX CASH+CARRY JUMBO SHOPPER,2010-12-01 11:49:00.000000 UTC,1,0.95,0.95,17920,United Kingdom,2010-12-01,2010,12,2010-12,Wednesday,11
536412,21245,GREEN POLKADOT PLATE,2010-12-01 11:49:00.000000 UTC,1,1.69,1.69,17920,United Kingdom,2010-12-01,2010,12,2010-12,Wednesday,11
536412,22273,FELTCRAFT DOLL MOLLY,2010-12-01 11:49:00.000000 UTC,2,2.95,5.9,17920,United Kingdom,2010-12-01,2010,12,2010-12,Wednesday,11
536412,22940,FELTCRAFT CHRISTMAS FAIRY,2010-12-01 11:49:00.000000 UTC,3,4.25,12.75,17920,United Kingdom,2010-12-01,2010,12,2010-12,Wednesday,11
536412,22837,HOT WATER BOTTLE BABUSHKA,2010-12-01 11:49:00.000000 UTC,3,4.65,13.95,17920,United Kingdom,2010-12-01,2010,12,2010-12,Wednesday,11
536412,21448,12 DAISY PEGS IN WOOD BOX,2010-12-01 11:49:00.000000 UTC,1,1.65,1.65,17920,United Kingdom,2010-12-01,2010,12,2010-12,Wednesday,11
536412,22242,5 HOOK HANGER MAGIC TOADSTOOL,2010-12-01 11:49:00.000000 UTC,5,1.65,8.25,17920,United Kingdom,2010-12-01,2010,12,2010-12,Wednesday,11
536412,20725,LUNCH BAG RED RETROSPOT,2010-12-01 11:49:00.000000 UTC,1,1.65,1.65,17920,United Kingdom,2010-12-01,2010,12,2010-12,Wednesday,11
536412,20750,RED RETROSPOT MINI CASES,2010-12-01 11:49:00.000000 UTC,1,7.95,7.95,17920,United Kingdom,2010-12-01,2010,12,2010-12,Wednesday,11
536412,22749,FELTCRAFT PRINCESS CHARLOTTE DOLL,2010-12-01 11:49:00.000000 UTC,1,3.75,3.75,17920,United Kingdom,2010-12-01,2010,12,2010-12,Wednesday,11
536412,21448,12 DAISY PEGS IN WOOD BOX,2010-12-01 11:49:00.000000 UTC,2,1.65,3.3,17920,United Kingdom,2010-12-01,2010,12,2010-12,Wednesday,11
536412,21242,RED RETROSPOT PLATE,2010-12-01 11:49:00.000000 UTC,1,1.69,1.69,17920,United Kingdom,2010-12-01,2010,12,2010-12,Wednesday,11
536412,22141,CHRISTMAS CRAFT TREE TOP ANGEL,2010-12-01 11:49:00.000000 UTC,1,2.1,2.1,17920,United Kingdom,2010-12-01,2010,12,2010-12,Wednesday,11
536412,22327,ROUND SNACK BOXES SET OF 4 SKULLS,2010-12-01 11:49:00.000000 UTC,1,2.95,2.95,17920,United Kingdom,2010-12-01,2010,12,2010-12,Wednesday,11
536412,22988,SOLDIERS EGG CUP,2010-12-01 11:49:00.000000 UTC,6,1.25,7.5,17920,United Kingdom,2010-12-01,2010,12,2010-12,Wednesday,11
536412,22327,ROUND SNACK BOXES SET OF 4 SKULLS,2010-12-01 11:49:00.000000 UTC,1,2.95,2.95,17920,United Kingdom,2010-12-01,2010,12,2010-12,Wednesday,11
536412,22468,BABUSHKA LIGHTS STRING OF 10,2010-12-01 11:49:00.000000 UTC,2,6.75,13.5,17920,United Kingdom,2010-12-01,2010,12,2010-12,Wednesday,11
536412,22568,FELTCRAFT CUSHION OWL,2010-12-01 11:49:00.000000 UTC,3,3.75,11.25,17920,United Kingdom,2010-12-01,2010,12,2010-12,Wednesday,11
536412,21706,FOLDING UMBRELLA RED/WHITE POLKADOT,2010-12-01 11:49:00.000000 UTC,1,4.95,4.95,17920,United Kingdom,2010-12-01,2010,12,2010-12,Wednesday,11
536412,85184C,S/4 VALENTINE DECOUPAGE HEART BOX,2010-12-01 11:49:00.000000 UTC,1,2.95,2.95,17920,United Kingdom,2010-12-01,2010,12,2010-12,Wednesday,11
536412,22271,FELTCRAFT DOLL ROSIE,2010-12-01 11:49:00.000000 UTC,2,2.95,5.9,17920,United Kingdom,2010-12-01,2010,12,2010-12,Wednesday,11
536412,22968,ROSE COTTAGE KEEPSAKE BOX,2010-12-01 11:49:00.000000 UTC,4,9.95,39.8,17920,United Kingdom,2010-12-01,2010,12,2010-12,Wednesday,11
536412,21448,12 DAISY PEGS IN WOOD BOX,2010-12-01 11:49:00.000000 UTC,2,1.65,3.3,17920,United Kingdom,2010-12-01,2010,12,2010-12,Wednesday,11
536412,22662,LUNCH BAG DOLLY GIRL DESIGN,2010-12-01 11:49:00.000000 UTC,4,1.65,6.6,17920,United Kingdom,2010-12-01,2010,12,2010-12,Wednesday,11
536412,22902,TOTE BAG I LOVE LONDON,2010-12-01 11:49:00.000000 UTC,7,2.1,14.7,17920,United Kingdom,2010-12-01,2010,12,2010-12,Wednesday,11
536412,21244,BLUE POLKADOT PLATE,2010-12-01 11:49:00.000000 UTC,1,1.69,1.69,17920,United Kingdom,2010-12-01,2010,12,2010-12,Wednesday,11
536412,22077,6 RIBBONS RUSTIC CHARM,2010-12-01 11:49:00.000000 UTC,1,1.65,1.65,17920,United Kingdom,2010-12-01,2010,12,2010-12,Wednesday,11
536412,22144,CHRISTMAS CRAFT LITTLE FRIENDS,2010-12-01 11:49:00.000000 UTC,2,2.1,4.2,17920,United Kingdom,2010-12-01,2010,12,2010-12,Wednesday,11
536412,22243,5 HOOK HANGER RED MAGIC TOADSTOOL,2010-12-01 11:49:00.000000 UTC,1,1.65,1.65,17920,United Kingdom,2010-12-01,2010,12,2010-12,Wednesday,11
536412,22902,TOTE BAG I LOVE LONDON,2010-12-01 11:49:00.000000 UTC,7,2.1,14.7,17920,United Kingdom,2010-12-01,2010,12,2010-12,Wednesday,11
536412,85184C,S/4 VALENTINE DECOUPAGE HEART BOX,2010-12-01 11:49:00.000000 UTC,1,2.95,2.95,17920,United Kingdom,2010-12-01,2010,12,2010-12,Wednesday,11
536412,21706,FOLDING UMBRELLA RED/WHITE POLKADOT,2010-12-01 11:49:00.000000 UTC,1,4.95,4.95,17920,United Kingdom,2010-12-01,2010,12,2010-12,Wednesday,11
536412,22328,ROUND SNACK BOXES SET OF 4 FRUITS,2010-12-01 11:49:00.000000 UTC,1,2.95,2.95,17920,United Kingdom,2010-12-01,2010,12,2010-12,Wednesday,11
536412,21738,COSY SLIPPER SHOES SMALL  RED,2010-12-01 11:49:00.000000 UTC,1,2.95,2.95,17920,United Kingdom,2010-12-01,2010,12,2010-12,Wednesday,11
536412,22900,SET 2 TEA TOWELS I LOVE LONDON,2010-12-01 11:49:00.000000 UTC,2,2.95,5.9,17920,United Kingdom,2010-12-01,2010,12,2010-12,Wednesday,11
536412,22077,6 RIBBONS RUSTIC CHARM,2010-12-01 11:49:00.000000 UTC,2,1.65,3.3,17920,United Kingdom,2010-12-01,2010,12,2010-12,Wednesday,11
536412,22759,SET OF 3 NOTEBOOKS IN PARCEL,2010-12-01 11:49:00.000000 UTC,5,1.65,8.25,17920,United Kingdom,2010-12-01,2010,12,2010-12,Wednesday,11
536412,21711,FOLDING UMBRELLA WHITE/RED POLKADOT,2010-12-01 11:49:00.000000 UTC,1,4.95,4.95,17920,United Kingdom,2010-12-01,2010,12,2010-12,Wednesday,11
536412,21880,RED RETROSPOT TAPE,2010-12-01 11:49:00.000000 UTC,10,0.65,6.5,17920,United Kingdom,2010-12-01,2010,12,2010-12,Wednesday,11
536412,22961,JAM MAKING SET PRINTED,2010-12-01 11:49:00.000000 UTC,24,1.45,34.8,17920,United Kingdom,2010-12-01,2010,12,2010-12,Wednesday,11
536412,22940,FELTCRAFT CHRISTMAS FAIRY,2010-12-01 11:49:00.000000 UTC,1,4.25,4.25,17920,United Kingdom,2010-12-01,2010,12,2010-12,Wednesday,11
536412,22900,SET 2 TEA TOWELS I LOVE LONDON,2010-12-01 11:49:00.000000 UTC,2,2.95,5.9,17920,United Kingdom,2010-12-01,2010,12,2010-12,Wednesday,11
536412,22759,SET OF 3 NOTEBOOKS IN PARCEL,2010-12-01 11:49:00.000000 UTC,1,1.65,1.65,17920,United Kingdom,2010-12-01,2010,12,2010-12,Wednesday,11
536412,20728,LUNCH BAG CARS BLUE,2010-12-01 11:49:00.000000 UTC,3,1.65,4.95,17920,United Kingdom,2010-12-01,2010,12,2010-12,Wednesday,11
536412,22383,LUNCH BAG SUKI  DESIGN,2010-12-01 11:49:00.000000 UTC,3,1.65,4.95,17920,United Kingdom,2010-12-01,2010,12,2010-12,Wednesday,11
536412,22652,TRAVEL SEWING KIT,2010-12-01 11:49:00.000000 UTC,5,1.65,8.25,17920,United Kingdom,2010-12-01,2010,12,2010-12,Wednesday,11
536412,22077,6 RIBBONS RUSTIC CHARM,2010-12-01 11:49:00.000000 UTC,7,1.65,11.55,17920,United Kingdom,2010-12-01,2010,12,2010-12,Wednesday,11
536412,21710,FOLDING UMBRELLA PINKWHITE POLKADOT,2010-12-01 11:49:00.000000 UTC,1,4.95,4.95,17920,United Kingdom,2010-12-01,2010,12,2010-12,Wednesday,11
536412,22179,SET 10 LIGHTS NIGHT OWL,2010-12-01 11:49:00.000000 UTC,2,6.75,13.5,17920,United Kingdom,2010-12-01,2010,12,2010-12,Wednesday,11
536412,22629,SPACEBOY LUNCH BOX,2010-12-01 11:49:00.000000 UTC,1,1.95,1.95,17920,United Kingdom,2010-12-01,2010,12,2010-12,Wednesday,11
536412,22243,5 HOOK HANGER RED MAGIC TOADSTOOL,2010-12-01 11:49:00.000000 UTC,6,1.65,9.9,17920,United Kingdom,2010-12-01,2010,12,2010-12,Wednesday,11
536412,21731,RED TOADSTOOL LED NIGHT LIGHT,2010-12-01 11:49:00.000000 UTC,5,1.65,8.25,17920,United Kingdom,2010-12-01,2010,12,2010-12,Wednesday,11
536412,21243,PINK  POLKADOT PLATE,2010-12-01 11:49:00.000000 UTC,1,1.69,1.69,17920,United Kingdom,2010-12-01,2010,12,2010-12,Wednesday,11
536412,22274,FELTCRAFT DOLL EMILY,2010-12-01 11:49:00.000000 UTC,2,2.95,5.9,17920,United Kingdom,2010-12-01,2010,12,2010-12,Wednesday,11
536412,85049E,SCANDINAVIAN REDS RIBBONS,2010-12-01 11:49:00.000000 UTC,3,1.25,3.75,17920,United Kingdom,2010-12-01,2010,12,2010-12,Wednesday,11
536412,22144,CHRISTMAS CRAFT LITTLE FRIENDS,2010-12-01 11:49:00.000000 UTC,1,2.1,2.1,17920,United Kingdom,2010-12-01,2010,12,2010-12,Wednesday,11
536412,22569,FELTCRAFT CUSHION BUTTERFLY,2010-12-01 11:49:00.000000 UTC,2,3.75,7.5,17920,United Kingdom,2010-12-01,2010,12,2010-12,Wednesday,11
536412,22197,SMALL POPCORN HOLDER,2010-12-01 11:49:00.000000 UTC,5,0.85,4.25,17920,United Kingdom,2010-12-01,2010,12,2010-12,Wednesday,11
536412,22569,FELTCRAFT CUSHION BUTTERFLY,2010-12-01 11:49:00.000000 UTC,2,3.75,7.5,17920,United Kingdom,2010-12-01,2010,12,2010-12,Wednesday,11
536412,21448,12 DAISY PEGS IN WOOD BOX,2010-12-01 11:49:00.000000 UTC,1,1.65,1.65,17920,United Kingdom,2010-12-01,2010,12,2010-12,Wednesday,11
536412,22243,5 HOOK HANGER RED MAGIC TOADSTOOL,2010-12-01 11:49:00.000000 UTC,3,1.65,4.95,17920,United Kingdom,2010-12-01,2010,12,2010-12,Wednesday,11
536412,22086,PAPER CHAIN KIT 50'S CHRISTMAS,2010-12-01 11:49:00.000000 UTC,1,2.95,2.95,17920,United Kingdom,2010-12-01,2010,12,2010-12,Wednesday,11
536412,21738,COSY SLIPPER SHOES SMALL  RED,2010-12-01 11:49:00.000000 UTC,5,2.95,14.75,17920,United Kingdom,2010-12-01,2010,12,2010-12,Wednesday,11
536412,22570,FELTCRAFT CUSHION RABBIT,2010-12-01 11:49:00.000000 UTC,3,3.75,11.25,17920,United Kingdom,2010-12-01,2010,12,2010-12,Wednesday,11
536412,22273,FELTCRAFT DOLL MOLLY,2010-12-01 11:49:00.000000 UTC,1,2.95,2.95,17920,United Kingdom,2010-12-01,2010,12,2010-12,Wednesday,11
536412,21739,COSY SLIPPER SHOES SMALL GREEN,2010-12-01 11:49:00.000000 UTC,2,2.95,5.9,17920,United Kingdom,2010-12-01,2010,12,2010-12,Wednesday,11
536412,22273,FELTCRAFT DOLL MOLLY,2010-12-01 11:49:00.000000 UTC,1,2.95,2.95,17920,United Kingdom,2010-12-01,2010,12,2010-12,Wednesday,11
536412,22141,CHRISTMAS CRAFT TREE TOP ANGEL,2010-12-01 11:49:00.000000 UTC,1,2.1,2.1,17920,United Kingdom,2010-12-01,2010,12,2010-12,Wednesday,11
536414,22139,,2010-12-01 11:52:00.000000 UTC,56,0.0,0.0,,United Kingdom,2010-12-01,2010,12,2010-12,Wednesday,11
536415,22750,FELTCRAFT PRINCESS LOLA DOLL,2010-12-01 11:57:00.000000 UTC,2,3.75,7.5,12838,United Kingdom,2010-12-01,2010,12,2010-12,Wednesday,11
536415,21791,VINTAGE HEADS AND TAILS CARD GAME,2010-12-01 11:57:00.000000 UTC,3,1.25,3.75,12838,United Kingdom,2010-12-01,2010,12,2010-12,Wednesday,11
536415,21976,PACK OF 60 MUSHROOM CAKE CASES,2010-12-01 11:57:00.000000 UTC,2,0.55,1.1,12838,United Kingdom,2010-12-01,2010,12,2010-12,Wednesday,11
536415,22587,FELTCRAFT HAIRBAND RED AND BLUE,2010-12-01 11:57:00.000000 UTC,4,0.85,3.4,12838,United Kingdom,2010-12-01,2010,12,2010-12,Wednesday,11
536415,22694,WICKER STAR,2010-12-01 11:57:00.000000 UTC,5,2.1,10.5,12838,United Kingdom,2010-12-01,2010,12,2010-12,Wednesday,11
536415,22940,FELTCRAFT CHRISTMAS FAIRY,2010-12-01 11:57:00.000000 UTC,2,4.25,8.5,12838,United Kingdom,2010-12-01,2010,12,2010-12,Wednesday,11
536415,22557,PLASTERS IN TIN VINTAGE PAISLEY,2010-12-01 11:57:00.000000 UTC,3,1.65,4.95,12838,United Kingdom,2010-12-01,2010,12,2010-12,Wednesday,11
536415,22749,FELTCRAFT PRINCESS CHARLOTTE DOLL,2010-12-01 11:57:00.000000 UTC,2,3.75,7.5,12838,United Kingdom,2010-12-01,2010,12,2010-12,Wednesday,11
536415,22147,FELTCRAFT BUTTERFLY HEARTS,2010-12-01 11:57:00.000000 UTC,4,1.45,5.8,12838,United Kingdom,2010-12-01,2010,12,2010-12,Wednesday,11
536415,22086,PAPER CHAIN KIT 50'S CHRISTMAS,2010-12-01 11:57:00.000000 UTC,6,2.95,17.7,12838,United Kingdom,2010-12-01,2010,12,2010-12,Wednesday,11
536415,22566,FELTCRAFT HAIRBAND PINK AND PURPLE,2010-12-01 11:57:00.000000 UTC,3,0.85,2.55,12838,United Kingdom,2010-12-01,2010,12,2010-12,Wednesday,11
536415,22149,FELTCRAFT 6 FLOWER FRIENDS,2010-12-01 11:57:00.000000 UTC,4,2.1,8.4,12838,United Kingdom,2010-12-01,2010,12,2010-12,Wednesday,11
536415,21977,PACK OF 60 PINK PAISLEY CAKE CASES,2010-12-01 11:57:00.000000 UTC,3,0.55,1.65,12838,United Kingdom,2010-12-01,2010,12,2010-12,Wednesday,11
536415,22632,HAND WARMER RED RETROSPOT,2010-12-01 11:57:00.000000 UTC,3,2.1,6.3,12838,United Kingdom,2010-12-01,2010,12,2010-12,Wednesday,11
536415,22910,PAPER CHAIN KIT VINTAGE CHRISTMAS,2010-12-01 11:57:00.000000 UTC,5,2.95,14.75,12838,United Kingdom,2010-12-01,2010,12,2010-12,Wednesday,11
536415,22470,HEART OF WICKER LARGE,2010-12-01 11:57:00.000000 UTC,1,2.95,2.95,12838,United Kingdom,2010-12-01,2010,12,2010-12,Wednesday,11
536415,22529,MAGIC DRAWING SLATE GO TO THE FAIR,2010-12-01 11:57:00.000000 UTC,3,0.42,1.26,12838,United Kingdom,2010-12-01,2010,12,2010-12,Wednesday,11
536415,22531,MAGIC DRAWING SLATE CIRCUS PARADE,2010-12-01 11:57:00.000000 UTC,3,0.42,1.26,12838,United Kingdom,2010-12-01,2010,12,2010-12,Wednesday,11
536415,22736,RIBBON REEL MAKING SNOWMEN,2010-12-01 11:57:00.000000 UTC,3,1.65,4.95,12838,United Kingdom,2010-12-01,2010,12,2010-12,Wednesday,11
536415,22186,RED STAR CARD HOLDER,2010-12-01 11:57:00.000000 UTC,5,2.95,14.75,12838,United Kingdom,2010-12-01,2010,12,2010-12,Wednesday,11
536415,22367,CHILDRENS APRON SPACEBOY DESIGN,2010-12-01 11:57:00.000000 UTC,3,1.95,5.85,12838,United Kingdom,2010-12-01,2010,12,2010-12,Wednesday,11
536415,22865,HAND WARMER OWL DESIGN,2010-12-01 11:57:00.000000 UTC,3,2.1,6.3,12838,United Kingdom,2010-12-01,2010,12,2010-12,Wednesday,11
536415,35591T,TURQUOISE CHRISTMAS TREE,2010-12-01 11:57:00.000000 UTC,2,1.25,2.5,12838,United Kingdom,2010-12-01,2010,12,2010-12,Wednesday,11
536415,22961,JAM MAKING SET PRINTED,2010-12-01 11:57:00.000000 UTC,3,1.45,4.35,12838,United Kingdom,2010-12-01,2010,12,2010-12,Wednesday,11
536415,22595,CHRISTMAS GINGHAM HEART,2010-12-01 11:57:00.000000 UTC,6,0.85,5.1,12838,United Kingdom,2010-12-01,2010,12,2010-12,Wednesday,11
536415,22775,PURPLE DRAWERKNOB ACRYLIC EDWARDIAN,2010-12-01 11:57:00.000000 UTC,1,1.25,1.25,12838,United Kingdom,2010-12-01,2010,12,2010-12,Wednesday,11
536415,22695,WICKER WREATH SMALL,2010-12-01 11:57:00.000000 UTC,3,1.45,4.35,12838,United Kingdom,2010-12-01,2010,12,2010-12,Wednesday,11
536415,22807,SET OF 6 T-LIGHTS TOADSTOOLS,2010-12-01 11:57:00.000000 UTC,12,2.95,35.4,12838,United Kingdom,2010-12-01,2010,12,2010-12,Wednesday,11
536415,21790,VINTAGE SNAP CARDS,2010-12-01 11:57:00.000000 UTC,3,0.85,2.55,12838,United Kingdom,2010-12-01,2010,12,2010-12,Wednesday,11
536415,22469,HEART OF WICKER SMALL,2010-12-01 11:57:00.000000 UTC,5,1.65,8.25,12838,United Kingdom,2010-12-01,2010,12,2010-12,Wednesday,11
536415,22942,CHRISTMAS LIGHTS 10 SANTAS,2010-12-01 11:57:00.000000 UTC,3,8.5,25.5,12838,United Kingdom,2010-12-01,2010,12,2010-12,Wednesday,11
536415,22738,RIBBON REEL SNOWY VILLAGE,2010-12-01 11:57:00.000000 UTC,3,1.65,4.95,12838,United Kingdom,2010-12-01,2010,12,2010-12,Wednesday,11
536415,22867,HAND WARMER BIRD DESIGN,2010-12-01 11:57:00.000000 UTC,3,2.1,6.3,12838,United Kingdom,2010-12-01,2010,12,2010-12,Wednesday,11
536415,21212,PACK OF 72 RETROSPOT CAKE CASES,2010-12-01 11:57:00.000000 UTC,2,0.55,1.1,12838,United Kingdom,2010-12-01,2010,12,2010-12,Wednesday,11
536415,22534,MAGIC DRAWING SLATE SPACEBOY,2010-12-01 11:57:00.000000 UTC,3,0.42,1.26,12838,United Kingdom,2010-12-01,2010,12,2010-12,Wednesday,11
536415,22554,PLASTERS IN TIN WOODLAND ANIMALS,2010-12-01 11:57:00.000000 UTC,3,1.65,4.95,12838,United Kingdom,2010-12-01,2010,12,2010-12,Wednesday,11
536415,22837,HOT WATER BOTTLE BABUSHKA,2010-12-01 11:57:00.000000 UTC,3,4.65,13.95,12838,United Kingdom,2010-12-01,2010,12,2010-12,Wednesday,11
536415,22551,PLASTERS IN TIN SPACEBOY,2010-12-01 11:57:00.000000 UTC,3,1.65,4.95,12838,United Kingdom,2010-12-01,2010,12,2010-12,Wednesday,11
536415,22321,BIRD DECORATION RED RETROSPOT,2010-12-01 11:57:00.000000 UTC,12,0.85,10.2,12838,United Kingdom,2010-12-01,2010,12,2010-12,Wednesday,11
536415,22951,60 CAKE CASES DOLLY GIRL DESIGN,2010-12-01 11:57:00.000000 UTC,2,0.55,1.1,12838,United Kingdom,2010-12-01,2010,12,2010-12,Wednesday,11
536415,84032B,CHARLIE + LOLA RED HOT WATER BOTTLE,2010-12-01 11:57:00.000000 UTC,3,2.95,8.85,12838,United Kingdom,2010-12-01,2010,12,2010-12,Wednesday,11
536415,22616,PACK OF 12 LONDON TISSUES,2010-12-01 11:57:00.000000 UTC,12,0.29,3.48,12838,United Kingdom,2010-12-01,2010,12,2010-12,Wednesday,11
536415,22899,CHILDREN'S APRON DOLLY GIRL,2010-12-01 11:57:00.000000 UTC,2,2.1,4.2,12838,United Kingdom,2010-12-01,2010,12,2010-12,Wednesday,11
536415,22909,SET OF 20 VINTAGE CHRISTMAS NAPKINS,2010-12-01 11:57:00.000000 UTC,5,0.85,4.25,12838,United Kingdom,2010-12-01,2010,12,2010-12,Wednesday,11
536415,21986,PACK OF 12 PINK POLKADOT TISSUES,2010-12-01 11:57:00.000000 UTC,12,0.29,3.48,12838,United Kingdom,2010-12-01,2010,12,2010-12,Wednesday,11
536415,22593,CHRISTMAS GINGHAM STAR,2010-12-01 11:57:00.000000 UTC,4,0.85,3.4,12838,United Kingdom,2010-12-01,2010,12,2010-12,Wednesday,11
536415,21916,SET 12 RETRO WHITE CHALK STICKS,2010-12-01 11:57:00.000000 UTC,2,0.42,0.84,12838,United Kingdom,2010-12-01,2010,12,2010-12,Wednesday,11
536415,22594,CHRISTMAS GINGHAM TREE,2010-12-01 11:57:00.000000 UTC,5,0.85,4.25,12838,United Kingdom,2010-12-01,2010,12,2010-12,Wednesday,11
536415,22952,60 CAKE CASES VINTAGE CHRISTMAS,2010-12-01 11:57:00.000000 UTC,10,0.55,5.5,12838,United Kingdom,2010-12-01,2010,12,2010-12,Wednesday,11
536415,22565,FELTCRAFT HAIRBANDS PINK AND WHITE,2010-12-01 11:57:00.000000 UTC,3,0.85,2.55,12838,United Kingdom,2010-12-01,2010,12,2010-12,Wednesday,11
536415,22472,TV DINNER TRAY DOLLY GIRL,2010-12-01 11:57:00.000000 UTC,2,4.95,9.9,12838,United Kingdom,2010-12-01,2010,12,2010-12,Wednesday,11
536415,22941,CHRISTMAS LIGHTS 10 REINDEER,2010-12-01 11:57:00.000000 UTC,3,8.5,25.5,12838,United Kingdom,2010-12-01,2010,12,2010-12,Wednesday,11
536415,22834,HAND WARMER BABUSHKA DESIGN,2010-12-01 11:57:00.000000 UTC,3,2.1,6.3,12838,United Kingdom,2010-12-01,2010,12,2010-12,Wednesday,11
536415,22900,SET 2 TEA TOWELS I LOVE LONDON,2010-12-01 11:57:00.000000 UTC,3,2.95,8.85,12838,United Kingdom,2010-12-01,2010,12,2010-12,Wednesday,11
536415,22130,PARTY CONE CHRISTMAS DECORATION,2010-12-01 11:57:00.000000 UTC,6,0.85,5.1,12838,United Kingdom,2010-12-01,2010,12,2010-12,Wednesday,11
536415,22530,MAGIC DRAWING SLATE DOLLY GIRL,2010-12-01 11:57:00.000000 UTC,3,0.42,1.26,12838,United Kingdom,2010-12-01,2010,12,2010-12,Wednesday,11
536415,22739,RIBBON REEL CHRISTMAS SOCK BAUBLE,2010-12-01 11:57:00.000000 UTC,3,1.65,4.95,12838,United Kingdom,2010-12-01,2010,12,2010-12,Wednesday,11
536415,22580,ADVENT CALENDAR GINGHAM SACK,2010-12-01 11:57:00.000000 UTC,1,5.95,5.95,12838,United Kingdom,2010-12-01,2010,12,2010-12,Wednesday,11
536415,85049H,URBAN BLACK RIBBONS,2010-12-01 11:57:00.000000 UTC,2,1.25,2.5,12838,United Kingdom,2010-12-01,2010,12,2010-12,Wednesday,11
536416,21494,ROTATING LEAVES T-LIGHT HOLDER,2010-12-01 11:58:00.000000 UTC,12,1.25,15.0,13255,United Kingdom,2010-12-01,2010,12,2010-12,Wednesday,11
536416,21915,RED  HARMONICA IN BOX,2010-12-01 11:58:00.000000 UTC,72,1.25,90.0,13255,United Kingdom,2010-12-01,2010,12,2010-12,Wednesday,11
536416,22767,TRIPLE PHOTO FRAME CORNICE,2010-12-01 11:58:00.000000 UTC,4,9.95,39.8,13255,United Kingdom,2010-12-01,2010,12,2010-12,Wednesday,11
536416,22768,FAMILY PHOTO FRAME CORNICE,2010-12-01 11:58:00.000000 UTC,4,9.95,39.8,13255,United Kingdom,2010-12-01,2010,12,2010-12,Wednesday,11
536416,82494L,WOODEN FRAME ANTIQUE WHITE,2010-12-01 11:58:00.000000 UTC,6,2.95,17.7,13255,United Kingdom,2010-12-01,2010,12,2010-12,Wednesday,11
536416,22938,CUPCAKE LACE PAPER SET 6,2010-12-01 11:58:00.000000 UTC,12,1.95,23.4,13255,United Kingdom,2010-12-01,2010,12,2010-12,Wednesday,11
536420,21716,BOYS VINTAGE TIN SEASIDE BUCKET,2010-12-01 12:03:00.000000 UTC,8,2.55,20.4,16583,United Kingdom,2010-12-01,2010,12,2010-12,Wednesday,12
536420,21889,WOODEN BOX OF DOMINOES,2010-12-01 12:03:00.000000 UTC,12,1.25,15.0,16583,United Kingdom,2010-12-01,2010,12,2010-12,Wednesday,12
536420,22113,GREY HEART HOT WATER BOTTLE,2010-12-01 12:03:00.000000 UTC,4,3.75,15.0,16583,United Kingdom,2010-12-01,2010,12,2010-12,Wednesday,12
536420,22111,SCOTTIE DOG HOT WATER BOTTLE,2010-12-01 12:03:00.000000 UTC,3,4.95,14.85,16583,United Kingdom,2010-12-01,2010,12,2010-12,Wednesday,12
536420,22110,BIRD HOUSE HOT WATER BOTTLE,2010-12-01 12:03:00.000000 UTC,6,2.55,15.3,16583,United Kingdom,2010-12-01,2010,12,2010-12,Wednesday,12
536420,22358,KINGS CHOICE TEA CADDY,2010-12-01 12:03:00.000000 UTC,6,2.95,17.7,16583,United Kingdom,2010-12-01,2010,12,2010-12,Wednesday,12
536420,22357,KINGS CHOICE BISCUIT TIN,2010-12-01 12:03:00.000000 UTC,4,4.25,17.0,16583,United Kingdom,2010-12-01,2010,12,2010-12,Wednesday,12
536420,22969,HOMEMADE JAM SCENTED CANDLES,2010-12-01 12:03:00.000000 UTC,12,1.45,17.4,16583,United Kingdom,2010-12-01,2010,12,2010-12,Wednesday,12
536420,21890,S/6 WOODEN SKITTLES IN COTTON BAG,2010-12-01 12:03:00.000000 UTC,6,2.95,17.7,16583,United Kingdom,2010-12-01,2010,12,2010-12,Wednesday,12
536420,21891,TRADITIONAL WOODEN SKIPPING ROPE,2010-12-01 12:03:00.000000 UTC,12,1.25,15.0,16583,United Kingdom,2010-12-01,2010,12,2010-12,Wednesday,12
536420,21892,TRADITIONAL WOODEN CATCH CUP GAME,2010-12-01 12:03:00.000000 UTC,12,1.25,15.0,16583,United Kingdom,2010-12-01,2010,12,2010-12,Wednesday,12
536420,21715,GIRLS VINTAGE TIN SEASIDE BUCKET,2010-12-01 12:03:00.000000 UTC,8,2.55,20.4,16583,United Kingdom,2010-12-01,2010,12,2010-12,Wednesday,12
536420,21718,RED METAL BEACH SPADE,2010-12-01 12:03:00.000000 UTC,12,1.25,15.0,16583,United Kingdom,2010-12-01,2010,12,2010-12,Wednesday,12
536420,22115,METAL SIGN EMPIRE TEA,2010-12-01 12:03:00.000000 UTC,6,2.95,17.7,16583,United Kingdom,2010-12-01,2010,12,2010-12,Wednesday,12
536423,84029E,RED WOOLLY HOTTIE WHITE HEART.,2010-12-01 12:08:00.000000 UTC,8,3.75,30.0,18085,United Kingdom,2010-12-01,2010,12,2010-12,Wednesday,12
536423,21481,FAWN BLUE HOT WATER BOTTLE,2010-12-01 12:08:00.000000 UTC,6,2.95,17.7,18085,United Kingdom,2010-12-01,2010,12,2010-12,Wednesday,12
536423,21485,RETROSPOT HEART HOT WATER BOTTLE,2010-12-01 12:08:00.000000 UTC,8,4.95,39.6,18085,United Kingdom,2010-12-01,2010,12,2010-12,Wednesday,12
536423,22632,HAND WARMER RED RETROSPOT,2010-12-01 12:08:00.000000 UTC,12,2.1,25.2,18085,United Kingdom,2010-12-01,2010,12,2010-12,Wednesday,12
536423,22113,GREY HEART HOT WATER BOTTLE,2010-12-01 12:08:00.000000 UTC,8,3.75,30.0,18085,United Kingdom,2010-12-01,2010,12,2010-12,Wednesday,12
536423,21479,WHITE SKULL HOT WATER BOTTLE,2010-12-01 12:08:00.000000 UTC,8,3.75,30.0,18085,United Kingdom,2010-12-01,2010,12,2010-12,Wednesday,12
536423,22837,HOT WATER BOTTLE BABUSHKA,2010-12-01 12:08:00.000000 UTC,8,4.65,37.2,18085,United Kingdom,2010-12-01,2010,12,2010-12,Wednesday,12
536423,22619,SET OF 6 SOLDIER SKITTLES,2010-12-01 12:08:00.000000 UTC,4,3.75,15.0,18085,United Kingdom,2010-12-01,2010,12,2010-12,Wednesday,12
536423,22111,SCOTTIE DOG HOT WATER BOTTLE,2010-12-01 12:08:00.000000 UTC,16,4.95,79.2,18085,United Kingdom,2010-12-01,2010,12,2010-12,Wednesday,12
536425,22837,HOT WATER BOTTLE BABUSHKA,2010-12-01 12:08:00.000000 UTC,8,4.65,37.2,13758,United Kingdom,2010-12-01,2010,12,2010-12,Wednesday,12
536425,22961,JAM MAKING SET PRINTED,2010-12-01 12:08:00.000000 UTC,12,1.45,17.4,13758,United Kingdom,2010-12-01,2010,12,2010-12,Wednesday,12
536425,22829,SWEETHEART WIRE WALL TIDY,2010-12-01 12:08:00.000000 UTC,2,9.95,19.9,13758,United Kingdom,2010-12-01,2010,12,2010-12,Wednesday,12
536425,22646,CERAMIC STRAWBERRY CAKE MONEY BANK,2010-12-01 12:08:00.000000 UTC,12,1.45,17.4,13758,United Kingdom,2010-12-01,2010,12,2010-12,Wednesday,12
536425,22645,CERAMIC HEART FAIRY CAKE MONEY BANK,2010-12-01 12:08:00.000000 UTC,12,1.45,17.4,13758,United Kingdom,2010-12-01,2010,12,2010-12,Wednesday,12
536425,22508,DOORSTOP RETROSPOT HEART,2010-12-01 12:08:00.000000 UTC,8,3.75,30.0,13758,United Kingdom,2010-12-01,2010,12,2010-12,Wednesday,12
536425,21556,CERAMIC STRAWBERRY MONEY BOX,2010-12-01 12:08:00.000000 UTC,6,2.55,15.3,13758,United Kingdom,2010-12-01,2010,12,2010-12,Wednesday,12
536425,22585,PACK OF 6 BIRDY GIFT TAGS,2010-12-01 12:08:00.000000 UTC,12,1.25,15.0,13758,United Kingdom,2010-12-01,2010,12,2010-12,Wednesday,12
536425,79321,CHILLI LIGHTS,2010-12-01 12:08:00.000000 UTC,8,4.95,39.6,13758,United Kingdom,2010-12-01,2010,12,2010-12,Wednesday,12
536425,21411,GINGHAM HEART  DOORSTOP RED,2010-12-01 12:08:00.000000 UTC,3,4.25,12.75,13758,United Kingdom,2010-12-01,2010,12,2010-12,Wednesday,12
536425,22637,PIGGY BANK RETROSPOT,2010-12-01 12:08:00.000000 UTC,12,2.55,30.6,13758,United Kingdom,2010-12-01,2010,12,2010-12,Wednesday,12
536425,22449,SILK PURSE BABUSHKA PINK,2010-12-01 12:08:00.000000 UTC,6,3.35,20.1,13758,United Kingdom,2010-12-01,2010,12,2010-12,Wednesday,12
536425,22451,SILK PURSE BABUSHKA RED,2010-12-01 12:08:00.000000 UTC,6,3.35,20.1,13758,United Kingdom,2010-12-01,2010,12,2010-12,Wednesday,12
536425,22511,RETROSPOT BABUSHKA DOORSTOP,2010-12-01 12:08:00.000000 UTC,4,3.75,15.0,13758,United Kingdom,2010-12-01,2010,12,2010-12,Wednesday,12
536425,22644,CERAMIC CHERRY CAKE MONEY BANK,2010-12-01 12:08:00.000000 UTC,12,1.45,17.4,13758,United Kingdom,2010-12-01,2010,12,2010-12,Wednesday,12
536425,22650,CERAMIC PIRATE CHEST MONEY BANK,2010-12-01 12:08:00.000000 UTC,12,1.45,17.4,13758,United Kingdom,2010-12-01,2010,12,2010-12,Wednesday,12
536425,22768,FAMILY PHOTO FRAME CORNICE,2010-12-01 12:08:00.000000 UTC,2,9.95,19.9,13758,United Kingdom,2010-12-01,2010,12,2010-12,Wednesday,12
536437,22059,CERAMIC STRAWBERRY DESIGN MUG,2010-12-01 12:12:00.000000 UTC,48,1.25,60.0,13694,United Kingdom,2010-12-01,2010,12,2010-12,Wednesday,12
536437,22188,BLACK HEART CARD HOLDER,2010-12-01 12:12:00.000000 UTC,36,3.39,122.04,13694,United Kingdom,2010-12-01,2010,12,2010-12,Wednesday,12
536437,17021,NAMASTE SWAGAT INCENSE,2010-12-01 12:12:00.000000 UTC,600,0.24,144.0,13694,United Kingdom,2010-12-01,2010,12,2010-12,Wednesday,12
536437,21154,RED RETROSPOT OVEN GLOVE,2010-12-01 12:12:00.000000 UTC,200,1.06,212.0,13694,United Kingdom,2010-12-01,2010,12,2010-12,Wednesday,12
536437,84678,CLASSICAL ROSE SMALL VASE,2010-12-01 12:12:00.000000 UTC,48,1.25,60.0,13694,United Kingdom,2010-12-01,2010,12,2010-12,Wednesday,12
536437,22189,CREAM HEART CARD HOLDER,2010-12-01 12:12:00.000000 UTC,72,3.39,244.08,13694,United Kingdom,2010-12-01,2010,12,2010-12,Wednesday,12
536446,85169B,BLACK LOVE BIRD CANDLE,2010-12-01 12:15:00.000000 UTC,24,1.25,30.0,15983,United Kingdom,2010-12-01,2010,12,2010-12,Wednesday,12
536446,84836,ZINC METAL HEART DECORATION,2010-12-01 12:15:00.000000 UTC,12,1.25,15.0,15983,United Kingdom,2010-12-01,2010,12,2010-12,Wednesday,12
536446,20777,CHRYSANTHEMUM NOTEBOOK,2010-12-01 12:15:00.000000 UTC,2,1.65,3.3,15983,United Kingdom,2010-12-01,2010,12,2010-12,Wednesday,12
536446,10133,COLOURING PENCILS BROWN TUBE,2010-12-01 12:15:00.000000 UTC,5,0.85,4.25,15983,United Kingdom,2010-12-01,2010,12,2010-12,Wednesday,12
536446,21587,COSY HOUR GIANT TUBE MATCHES,2010-12-01 12:15:00.000000 UTC,4,2.55,10.2,15983,United Kingdom,2010-12-01,2010,12,2010-12,Wednesday,12
536446,21591,COSY HOUR CIGAR BOX MATCHES,2010-12-01 12:15:00.000000 UTC,6,1.25,7.5,15983,United Kingdom,2010-12-01,2010,12,2010-12,Wednesday,12
536446,85172,HYACINTH BULB T-LIGHT CANDLES,2010-12-01 12:15:00.000000 UTC,32,0.42,13.44,15983,United Kingdom,2010-12-01,2010,12,2010-12,Wednesday,12
536446,21156,RETROSPOT CHILDRENS APRON,2010-12-01 12:15:00.000000 UTC,1,1.95,1.95,15983,United Kingdom,2010-12-01,2010,12,2010-12,Wednesday,12
536446,84347,ROTATING SILVER ANGELS T-LIGHT HLDR,2010-12-01 12:15:00.000000 UTC,12,2.55,30.6,15983,United Kingdom,2010-12-01,2010,12,2010-12,Wednesday,12
536446,22294,HEART FILIGREE DOVE  SMALL,2010-12-01 12:15:00.000000 UTC,48,1.25,60.0,15983,United Kingdom,2010-12-01,2010,12,2010-12,Wednesday,12
536446,22480,RED TEA TOWEL CLASSIC DESIGN,2010-12-01 12:15:00.000000 UTC,12,1.25,15.0,15983,United Kingdom,2010-12-01,2010,12,2010-12,Wednesday,12
536446,21651,HANGING GLASS ETCHED TEALIGHT,2010-12-01 12:15:00.000000 UTC,6,1.65,9.9,15983,United Kingdom,2010-12-01,2010,12,2010-12,Wednesday,12
536446,20773,BLUE PAISLEY NOTEBOOK,2010-12-01 12:15:00.000000 UTC,2,1.65,3.3,15983,United Kingdom,2010-12-01,2010,12,2010-12,Wednesday,12
536446,22144,CHRISTMAS CRAFT LITTLE FRIENDS,2010-12-01 12:15:00.000000 UTC,2,2.1,4.2,15983,United Kingdom,2010-12-01,2010,12,2010-12,Wednesday,12
536446,22152,PLACE SETTING WHITE STAR,2010-12-01 12:15:00.000000 UTC,24,0.42,10.08,15983,United Kingdom,2010-12-01,2010,12,2010-12,Wednesday,12
536446,20774,GREEN FERN NOTEBOOK,2010-12-01 12:15:00.000000 UTC,2,1.65,3.3,15983,United Kingdom,2010-12-01,2010,12,2010-12,Wednesday,12
536446,22619,SET OF 6 SOLDIER SKITTLES,2010-12-01 12:15:00.000000 UTC,8,3.75,30.0,15983,United Kingdom,2010-12-01,2010,12,2010-12,Wednesday,12
536446,22620,4 TRADITIONAL SPINNING TOPS,2010-12-01 12:15:00.000000 UTC,6,1.25,7.5,15983,United Kingdom,2010-12-01,2010,12,2010-12,Wednesday,12
536446,21890,S/6 WOODEN SKITTLES IN COTTON BAG,2010-12-01 12:15:00.000000 UTC,2,2.95,5.9,15983,United Kingdom,2010-12-01,2010,12,2010-12,Wednesday,12
536446,21651,HANGING GLASS ETCHED TEALIGHT,2010-12-01 12:15:00.000000 UTC,6,1.65,9.9,15983,United Kingdom,2010-12-01,2010,12,2010-12,Wednesday,12
536446,16014,SMALL CHINESE STYLE SCISSOR,2010-12-01 12:15:00.000000 UTC,10,0.42,4.2,15983,United Kingdom,2010-12-01,2010,12,2010-12,Wednesday,12
536446,21586,KINGS CHOICE GIANT TUBE MATCHES,2010-12-01 12:15:00.000000 UTC,4,2.55,10.2,15983,United Kingdom,2010-12-01,2010,12,2010-12,Wednesday,12
536446,22142,CHRISTMAS CRAFT WHITE FAIRY,2010-12-01 12:15:00.000000 UTC,2,1.45,2.9,15983,United Kingdom,2010-12-01,2010,12,2010-12,Wednesday,12
536446,84625C,BLUE NEW BAROQUE CANDLESTICK CANDLE,2010-12-01 12:15:00.000000 UTC,10,2.95,29.5,15983,United Kingdom,2010-12-01,2010,12,2010-12,Wednesday,12
536446,21156,RETROSPOT CHILDRENS APRON,2010-12-01 12:15:00.000000 UTC,3,1.95,5.85,15983,United Kingdom,2010-12-01,2010,12,2010-12,Wednesday,12
536446,84754,S/15 SILVER GLASS BAUBLES IN BAG,2010-12-01 12:15:00.000000 UTC,24,1.25,30.0,15983,United Kingdom,2010-12-01,2010,12,2010-12,Wednesday,12
536446,21891,TRADITIONAL WOODEN SKIPPING ROPE,2010-12-01 12:15:00.000000 UTC,2,1.25,2.5,15983,United Kingdom,2010-12-01,2010,12,2010-12,Wednesday,12
536446,16016,LARGE CHINESE STYLE SCISSOR,2010-12-01 12:15:00.000000 UTC,10,0.85,8.5,15983,United Kingdom,2010-12-01,2010,12,2010-12,Wednesday,12
536446,22618,COOKING SET RETROSPOT,2010-12-01 12:15:00.000000 UTC,2,9.95,19.9,15983,United Kingdom,2010-12-01,2010,12,2010-12,Wednesday,12
536446,85172,HYACINTH BULB T-LIGHT CANDLES,2010-12-01 12:15:00.000000 UTC,16,0.42,6.72,15983,United Kingdom,2010-12-01,2010,12,2010-12,Wednesday,12
536446,72800E,4 IVORY DINNER CANDLES SILVER FLOCK,2010-12-01 12:15:00.000000 UTC,6,2.55,15.3,15983,United Kingdom,2010-12-01,2010,12,2010-12,Wednesday,12
536446,22294,HEART FILIGREE DOVE  SMALL,2010-12-01 12:15:00.000000 UTC,24,1.25,30.0,15983,United Kingdom,2010-12-01,2010,12,2010-12,Wednesday,12
536460,21484,CHICK GREY HOT WATER BOTTLE,2010-12-01 12:22:00.000000 UTC,8,3.45,27.6,14849,United Kingdom,2010-12-01,2010,12,2010-12,Wednesday,12
536460,21259,VICTORIAN SEWING BOX SMALL,2010-12-01 12:22:00.000000 UTC,2,5.95,11.9,14849,United Kingdom,2010-12-01,2010,12,2010-12,Wednesday,12
536460,21121,SET/10 RED POLKADOT PARTY CANDLES,2010-12-01 12:22:00.000000 UTC,24,1.25,30.0,14849,United Kingdom,2010-12-01,2010,12,2010-12,Wednesday,12
536460,22670,FRENCH WC SIGN BLUE METAL,2010-12-01 12:22:00.000000 UTC,12,1.25,15.0,14849,United Kingdom,2010-12-01,2010,12,2010-12,Wednesday,12
536460,21977,PACK OF 60 PINK PAISLEY CAKE CASES,2010-12-01 12:22:00.000000 UTC,24,0.55,13.2,14849,United Kingdom,2010-12-01,2010,12,2010-12,Wednesday,12
536460,22926,IVORY GIANT GARDEN THERMOMETER,2010-12-01 12:22:00.000000 UTC,4,5.95,23.8,14849,United Kingdom,2010-12-01,2010,12,2010-12,Wednesday,12
536460,22925,BLUE GIANT GARDEN THERMOMETER,2010-12-01 12:22:00.000000 UTC,2,5.95,11.9,14849,United Kingdom,2010-12-01,2010,12,2010-12,Wednesday,12
536460,21485,RETROSPOT HEART HOT WATER BOTTLE,2010-12-01 12:22:00.000000 UTC,6,4.95,29.7,14849,United Kingdom,2010-12-01,2010,12,2010-12,Wednesday,12
536460,84879,ASSORTED COLOUR BIRD ORNAMENT,2010-12-01 12:22:00.000000 UTC,24,1.69,40.56,14849,United Kingdom,2010-12-01,2010,12,2010-12,Wednesday,12
536460,84849B,FAIRY SOAP SOAP HOLDER,2010-12-01 12:22:00.000000 UTC,12,1.69,20.28,14849,United Kingdom,2010-12-01,2010,12,2010-12,Wednesday,12
536460,22927,GREEN GIANT GARDEN THERMOMETER,2010-12-01 12:22:00.000000 UTC,2,5.95,11.9,14849,United Kingdom,2010-12-01,2010,12,2010-12,Wednesday,12
536460,21257,VICTORIAN SEWING BOX MEDIUM,2010-12-01 12:22:00.000000 UTC,2,7.95,15.9,14849,United Kingdom,2010-12-01,2010,12,2010-12,Wednesday,12
536460,84992,72 SWEETHEART FAIRY CAKE CASES,2010-12-01 12:22:00.000000 UTC,24,0.55,13.2,14849,United Kingdom,2010-12-01,2010,12,2010-12,Wednesday,12
536460,21586,KINGS CHOICE GIANT TUBE MATCHES,2010-12-01 12:22:00.000000 UTC,12,2.55,30.6,14849,United Kingdom,2010-12-01,2010,12,2010-12,Wednesday,12
536463,82552,WASHROOM METAL SIGN,2010-12-01 12:22:00.000000 UTC,12,1.45,17.4,14849,United Kingdom,2010-12-01,2010,12,2010-12,Wednesday,12
536464,90059C,DIAMANTE HAIR GRIP PACK/2 MONTANA,2010-12-01 12:23:00.000000 UTC,1,1.65,1.65,17968,United Kingdom,2010-12-01,2010,12,2010-12,Wednesday,12
536464,21584,RETROSPOT SMALL TUBE MATCHES,2010-12-01 12:23:00.000000 UTC,1,1.65,1.65,17968,United Kingdom,2010-12-01,2010,12,2010-12,Wednesday,12
536464,22988,SOLDIERS EGG CUP,2010-12-01 12:23:00.000000 UTC,1,1.25,1.25,17968,United Kingdom,2010-12-01,2010,12,2010-12,Wednesday,12
536464,22952,60 CAKE CASES VINTAGE CHRISTMAS,2010-12-01 12:23:00.000000 UTC,2,0.55,1.1,17968,United Kingdom,2010-12-01,2010,12,2010-12,Wednesday,12
536464,22945,CHRISTMAS METAL TAGS ASSORTED,2010-12-01 12:23:00.000000 UTC,6,0.85,5.1,17968,United Kingdom,2010-12-01,2010,12,2010-12,Wednesday,12
536464,21985,PACK OF 12 HEARTS DESIGN TISSUES,2010-12-01 12:23:00.000000 UTC,1,0.29,0.29,17968,United Kingdom,2010-12-01,2010,12,2010-12,Wednesday,12
536464,21121,SET/10 RED POLKADOT PARTY CANDLES,2010-12-01 12:23:00.000000 UTC,1,1.25,1.25,17968,United Kingdom,2010-12-01,2010,12,2010-12,Wednesday,12
536464,85231B,CINAMMON SET OF 9 T-LIGHTS,2010-12-01 12:23:00.000000 UTC,3,0.85,2.55,17968,United Kingdom,2010-12-01,2010,12,2010-12,Wednesday,12
536464,90200D,PINK SWEETHEART BRACELET,2010-12-01 12:23:00.000000 UTC,3,4.25,12.75,17968,United Kingdom,2010-12-01,2010,12,2010-12,Wednesday,12
536464,22603,CHRISTMAS RETROSPOT TREE WOOD,2010-12-01 12:23:00.000000 UTC,2,0.85,1.7,17968,United Kingdom,2010-12-01,2010,12,2010-12,Wednesday,12
536464,22582,PACK OF 6 SWEETIE GIFT BOXES,2010-12-01 12:23:00.000000 UTC,1,2.55,2.55,17968,United Kingdom,2010-12-01,2010,12,2010-12,Wednesday,12
536464,22333,RETROSPOT PARTY BAG + STICKER SET,2010-12-01 12:23:00.000000 UTC,1,1.65,1.65,17968,United Kingdom,2010-12-01,2010,12,2010-12,Wednesday,12
536464,48173C,DOORMAT BLACK FLOCK,2010-12-01 12:23:00.000000 UTC,1,7.95,7.95,17968,United Kingdom,2010-12-01,2010,12,2010-12,Wednesday,12
536464,85095,THREE CANVAS LUGGAGE TAGS,2010-12-01 12:23:00.000000 UTC,1,1.95,1.95,17968,United Kingdom,2010-12-01,2010,12,2010-12,Wednesday,12
536464,21212,PACK OF 72 RETROSPOT CAKE CASES,2010-12-01 12:23:00.000000 UTC,1,0.55,0.55,17968,United Kingdom,2010-12-01,2010,12,2010-12,Wednesday,12
536464,22759,SET OF 3 NOTEBOOKS IN PARCEL,2010-12-01 12:23:00.000000 UTC,1,1.65,1.65,17968,United Kingdom,2010-12-01,2010,12,2010-12,Wednesday,12
536464,22866,HAND WARMER SCOTTY DOG DESIGN,2010-12-01 12:23:00.000000 UTC,1,2.1,2.1,17968,United Kingdom,2010-12-01,2010,12,2010-12,Wednesday,12
536464,22312,OFFICE MUG WARMER POLKADOT,2010-12-01 12:23:00.000000 UTC,1,2.95,2.95,17968,United Kingdom,2010-12-01,2010,12,2010-12,Wednesday,12
536464,22812,PACK 3 BOXES CHRISTMAS PANNETONE,2010-12-01 12:23:00.000000 UTC,6,1.95,11.7,17968,United Kingdom,2010-12-01,2010,12,2010-12,Wednesday,12
536464,20878,SET/9 CHRISTMAS T-LIGHTS SCENTED,2010-12-01 12:23:00.000000 UTC,1,1.25,1.25,17968,United Kingdom,2010-12-01,2010,12,2010-12,Wednesday,12
536464,22082,RIBBON REEL STRIPES DESIGN,2010-12-01 12:23:00.000000 UTC,5,1.65,8.25,17968,United Kingdom,2010-12-01,2010,12,2010-12,Wednesday,12
536464,85231G,ORANGE SCENTED SET/9 T-LIGHTS,2010-12-01 12:23:00.000000 UTC,1,0.85,0.85,17968,United Kingdom,2010-12-01,2010,12,2010-12,Wednesday,12
536464,22297,HEART IVORY TRELLIS SMALL,2010-12-01 12:23:00.000000 UTC,1,1.25,1.25,17968,United Kingdom,2010-12-01,2010,12,2010-12,Wednesday,12
536464,22731,3D CHRISTMAS STAMPS STICKERS,2010-12-01 12:23:00.000000 UTC,2,1.25,2.5,17968,United Kingdom,2010-12-01,2010,12,2010-12,Wednesday,12
536464,85099C,JUMBO  BAG BAROQUE BLACK WHITE,2010-12-01 12:23:00.000000 UTC,1,1.95,1.95,17968,United Kingdom,2010-12-01,2010,12,2010-12,Wednesday,12
536464,22735,RIBBON REEL SOCKS AND MITTENS,2010-12-01 12:23:00.000000 UTC,2,1.65,3.3,17968,United Kingdom,2010-12-01,2010,12,2010-12,Wednesday,12
536464,22945,CHRISTMAS METAL TAGS ASSORTED,2010-12-01 12:23:00.000000 UTC,6,0.85,5.1,17968,United Kingdom,2010-12-01,2010,12,2010-12,Wednesday,12
536464,85231B,CINAMMON SET OF 9 T-LIGHTS,2010-12-01 12:23:00.000000 UTC,2,0.85,1.7,17968,United Kingdom,2010-12-01,2010,12,2010-12,Wednesday,12
536464,22809,SET OF 6 T-LIGHTS SANTA,2010-12-01 12:23:00.000000 UTC,1,2.95,2.95,17968,United Kingdom,2010-12-01,2010,12,2010-12,Wednesday,12
536464,22744,MAKE YOUR OWN MONSOON CARD KIT,2010-12-01 12:23:00.000000 UTC,2,2.95,5.9,17968,United Kingdom,2010-12-01,2010,12,2010-12,Wednesday,12
536464,22294,HEART FILIGREE DOVE  SMALL,2010-12-01 12:23:00.000000 UTC,1,1.25,1.25,17968,United Kingdom,2010-12-01,2010,12,2010-12,Wednesday,12
536464,22619,SET OF 6 SOLDIER SKITTLES,2010-12-01 12:23:00.000000 UTC,1,3.75,3.75,17968,United Kingdom,2010-12-01,2010,12,2010-12,Wednesday,12
536464,22557,PLASTERS IN TIN VINTAGE PAISLEY,2010-12-01 12:23:00.000000 UTC,1,1.65,1.65,17968,United Kingdom,2010-12-01,2010,12,2010-12,Wednesday,12
536464,90200C,BLUE SWEETHEART BRACELET,2010-12-01 12:23:00.000000 UTC,1,4.25,4.25,17968,United Kingdom,2010-12-01,2010,12,2010-12,Wednesday,12
536464,21980,PACK OF 12 RED RETROSPOT TISSUES,2010-12-01 12:23:00.000000 UTC,1,0.29,0.29,17968,United Kingdom,2010-12-01,2010,12,2010-12,Wednesday,12
536464,22197,SMALL POPCORN HOLDER,2010-12-01 12:23:00.000000 UTC,5,0.85,4.25,17968,United Kingdom,2010-12-01,2010,12,2010-12,Wednesday,12
536464,21212,PACK OF 72 RETROSPOT CAKE CASES,2010-12-01 12:23:00.000000 UTC,2,0.55,1.1,17968,United Kingdom,2010-12-01,2010,12,2010-12,Wednesday,12
536464,21992,VINTAGE PAISLEY STATIONERY SET,2010-12-01 12:23:00.000000 UTC,1,2.95,2.95,17968,United Kingdom,2010-12-01,2010,12,2010-12,Wednesday,12
536464,21329,DINOSAURS  WRITING SET,2010-12-01 12:23:00.000000 UTC,1,1.65,1.65,17968,United Kingdom,2010-12-01,2010,12,2010-12,Wednesday,12
536464,22866,HAND WARMER SCOTTY DOG DESIGN,2010-12-01 12:23:00.000000 UTC,1,2.1,2.1,17968,United Kingdom,2010-12-01,2010,12,2010-12,Wednesday,12
536464,10125,MINI FUNKY DESIGN TAPES,2010-12-01 12:23:00.000000 UTC,2,0.85,1.7,17968,United Kingdom,2010-12-01,2010,12,2010-12,Wednesday,12
536464,21815,STAR  T-LIGHT HOLDER,2010-12-01 12:23:00.000000 UTC,1,1.45,1.45,17968,United Kingdom,2010-12-01,2010,12,2010-12,Wednesday,12
536464,21992,VINTAGE PAISLEY STATIONERY SET,2010-12-01 12:23:00.000000 UTC,1,2.95,2.95,17968,United Kingdom,2010-12-01,2010,12,2010-12,Wednesday,12
536464,90200B,BLACK SWEETHEART BRACELET,2010-12-01 12:23:00.000000 UTC,2,4.25,8.5,17968,United Kingdom,2010-12-01,2010,12,2010-12,Wednesday,12
536464,22197,SMALL POPCORN HOLDER,2010-12-01 12:23:00.000000 UTC,6,0.85,5.1,17968,United Kingdom,2010-12-01,2010,12,2010-12,Wednesday,12
536464,22573,STAR WOODEN CHRISTMAS DECORATION,2010-12-01 12:23:00.000000 UTC,1,0.85,0.85,17968,United Kingdom,2010-12-01,2010,12,2010-12,Wednesday,12
536464,22813,PACK 3 BOXES BIRD PANNETONE,2010-12-01 12:23:00.000000 UTC,2,1.95,3.9,17968,United Kingdom,2010-12-01,2010,12,2010-12,Wednesday,12
536464,21977,PACK OF 60 PINK PAISLEY CAKE CASES,2010-12-01 12:23:00.000000 UTC,1,0.55,0.55,17968,United Kingdom,2010-12-01,2010,12,2010-12,Wednesday,12
536464,85099B,JUMBO BAG RED RETROSPOT,2010-12-01 12:23:00.000000 UTC,1,1.95,1.95,17968,United Kingdom,2010-12-01,2010,12,2010-12,Wednesday,12
536464,22956,36 FOIL HEART CAKE CASES,2010-12-01 12:23:00.000000 UTC,1,2.1,2.1,17968,United Kingdom,2010-12-01,2010,12,2010-12,Wednesday,12
536464,85231G,ORANGE SCENTED SET/9 T-LIGHTS,2010-12-01 12:23:00.000000 UTC,5,0.85,4.25,17968,United Kingdom,2010-12-01,2010,12,2010-12,Wednesday,12
536464,22386,JUMBO BAG PINK POLKADOT,2010-12-01 12:23:00.000000 UTC,1,1.95,1.95,17968,United Kingdom,2010-12-01,2010,12,2010-12,Wednesday,12
536464,90059E,DIAMANTE HAIR GRIP PACK/2 RUBY,2010-12-01 12:23:00.000000 UTC,3,1.65,4.95,17968,United Kingdom,2010-12-01,2010,12,2010-12,Wednesday,12
536464,22577,WOODEN HEART CHRISTMAS SCANDINAVIAN,2010-12-01 12:23:00.000000 UTC,1,0.85,0.85,17968,United Kingdom,2010-12-01,2010,12,2010-12,Wednesday,12
536464,22866,HAND WARMER SCOTTY DOG DESIGN,2010-12-01 12:23:00.000000 UTC,1,2.1,2.1,17968,United Kingdom,2010-12-01,2010,12,2010-12,Wednesday,12
536464,90185C,BLACK DIAMANTE EXPANDABLE RING,2010-12-01 12:23:00.000000 UTC,2,4.25,8.5,17968,United Kingdom,2010-12-01,2010,12,2010-12,Wednesday,12
536464,22737,RIBBON REEL CHRISTMAS PRESENT,2010-12-01 12:23:00.000000 UTC,1,1.65,1.65,17968,United Kingdom,2010-12-01,2010,12,2010-12,Wednesday,12
536464,21816,CHRISTMAS TREE T-LIGHT HOLDER,2010-12-01 12:23:00.000000 UTC,2,1.45,2.9,17968,United Kingdom,2010-12-01,2010,12,2010-12,Wednesday,12
536464,21814,HEART T-LIGHT HOLDER,2010-12-01 12:23:00.000000 UTC,2,1.45,2.9,17968,United Kingdom,2010-12-01,2010,12,2010-12,Wednesday,12
536464,22585,PACK OF 6 BIRDY GIFT TAGS,2010-12-01 12:23:00.000000 UTC,3,1.25,3.75,17968,United Kingdom,2010-12-01,2010,12,2010-12,Wednesday,12
536464,21328,BALLOONS  WRITING SET,2010-12-01 12:23:00.000000 UTC,1,1.65,1.65,17968,United Kingdom,2010-12-01,2010,12,2010-12,Wednesday,12
536464,90059B,DIAMANTE HAIR GRIP PACK/2 BLACK DIA,2010-12-01 12:23:00.000000 UTC,2,1.65,3.3,17968,United Kingdom,2010-12-01,2010,12,2010-12,Wednesday,12
536464,22910,PAPER CHAIN KIT VINTAGE CHRISTMAS,2010-12-01 12:23:00.000000 UTC,1,2.95,2.95,17968,United Kingdom,2010-12-01,2010,12,2010-12,Wednesday,12
536464,21327,SKULLS WRITING SET,2010-12-01 12:23:00.000000 UTC,1,1.65,1.65,17968,United Kingdom,2010-12-01,2010,12,2010-12,Wednesday,12
536464,22960,JAM MAKING SET WITH JARS,2010-12-01 12:23:00.000000 UTC,1,4.25,4.25,17968,United Kingdom,2010-12-01,2010,12,2010-12,Wednesday,12
536464,72818,CHRISTMAS DECOUPAGE CANDLE,2010-12-01 12:23:00.000000 UTC,1,0.85,0.85,17968,United Kingdom,2010-12-01,2010,12,2010-12,Wednesday,12
536464,84879,ASSORTED COLOUR BIRD ORNAMENT,2010-12-01 12:23:00.000000 UTC,8,1.69,13.52,17968,United Kingdom,2010-12-01,2010,12,2010-12,Wednesday,12
536464,22500,SET OF 2 TINS JARDIN DE PROVENCE,2010-12-01 12:23:00.000000 UTC,2,4.95,9.9,17968,United Kingdom,2010-12-01,2010,12,2010-12,Wednesday,12
536464,22295,HEART FILIGREE DOVE LARGE,2010-12-01 12:23:00.000000 UTC,1,1.65,1.65,17968,United Kingdom,2010-12-01,2010,12,2010-12,Wednesday,12
536464,20866,BLUE ROSE FABRIC MIRROR,2010-12-01 12:23:00.000000 UTC,1,1.25,1.25,17968,United Kingdom,2010-12-01,2010,12,2010-12,Wednesday,12
536464,16258A,SWIRLY CIRCULAR RUBBERS IN BAG,2010-12-01 12:23:00.000000 UTC,1,0.42,0.42,17968,United Kingdom,2010-12-01,2010,12,2010-12,Wednesday,12
536464,21738,COSY SLIPPER SHOES SMALL  RED,2010-12-01 12:23:00.000000 UTC,1,2.95,2.95,17968,United Kingdom,2010-12-01,2010,12,2010-12,Wednesday,12
536464,21814,HEART T-LIGHT HOLDER,2010-12-01 12:23:00.000000 UTC,8,1.45,11.6,17968,United Kingdom,2010-12-01,2010,12,2010-12,Wednesday,12
536464,22441,GROW YOUR OWN BASIL IN ENAMEL MUG,2010-12-01 12:23:00.000000 UTC,1,2.1,2.1,17968,United Kingdom,2010-12-01,2010,12,2010-12,Wednesday,12
536464,22810,SET OF 6 T-LIGHTS SNOWMEN,2010-12-01 12:23:00.000000 UTC,1,2.95,2.95,17968,United Kingdom,2010-12-01,2010,12,2010-12,Wednesday,12
536464,90200A,PURPLE SWEETHEART BRACELET,2010-12-01 12:23:00.000000 UTC,1,4.25,4.25,17968,United Kingdom,2010-12-01,2010,12,2010-12,Wednesday,12
536464,22086,PAPER CHAIN KIT 50'S CHRISTMAS,2010-12-01 12:23:00.000000 UTC,1,2.95,2.95,17968,United Kingdom,2010-12-01,2010,12,2010-12,Wednesday,12
536464,22866,HAND WARMER SCOTTY DOG DESIGN,2010-12-01 12:23:00.000000 UTC,3,2.1,6.3,17968,United Kingdom,2010-12-01,2010,12,2010-12,Wednesday,12
536464,22663,JUMBO BAG DOLLY GIRL DESIGN,2010-12-01 12:23:00.000000 UTC,1,1.95,1.95,17968,United Kingdom,2010-12-01,2010,12,2010-12,Wednesday,12
536464,21260,FIRST AID TIN,2010-12-01 12:23:00.000000 UTC,1,3.25,3.25,17968,United Kingdom,2010-12-01,2010,12,2010-12,Wednesday,12
536464,21815,STAR  T-LIGHT HOLDER,2010-12-01 12:23:00.000000 UTC,4,1.45,5.8,17968,United Kingdom,2010-12-01,2010,12,2010-12,Wednesday,12
536464,21122,SET/10 PINK POLKADOT PARTY CANDLES,2010-12-01 12:23:00.000000 UTC,1,1.25,1.25,17968,United Kingdom,2010-12-01,2010,12,2010-12,Wednesday,12
536464,21124,SET/10 BLUE POLKADOT PARTY CANDLES,2010-12-01 12:23:00.000000 UTC,1,1.25,1.25,17968,United Kingdom,2010-12-01,2010,12,2010-12,Wednesday,12
536464,22742,MAKE YOUR OWN PLAYTIME CARD KIT,2010-12-01 12:23:00.000000 UTC,1,2.95,2.95,17968,United Kingdom,2010-12-01,2010,12,2010-12,Wednesday,12
536464,22558,CLOTHES PEGS RETROSPOT PACK 24,2010-12-01 12:23:00.000000 UTC,2,1.49,2.98,17968,United Kingdom,2010-12-01,2010,12,2010-12,Wednesday,12
536466,22961,JAM MAKING SET PRINTED,2010-12-01 12:23:00.000000 UTC,12,1.45,17.4,14849,United Kingdom,2010-12-01,2010,12,2010-12,Wednesday,12
536466,22960,JAM MAKING SET WITH JARS,2010-12-01 12:23:00.000000 UTC,6,4.25,25.5,14849,United Kingdom,2010-12-01,2010,12,2010-12,Wednesday,12
536477,84029E,RED WOOLLY HOTTIE WHITE HEART.,2010-12-01 12:27:00.000000 UTC,24,3.39,81.36,16210,United Kingdom,2010-12-01,2010,12,2010-12,Wednesday,12
536477,22633,HAND WARMER UNION JACK,2010-12-01 12:27:00.000000 UTC,12,2.1,25.2,16210,United Kingdom,2010-12-01,2010,12,2010-12,Wednesday,12
536477,22411,JUMBO SHOPPER VINTAGE RED PAISLEY,2010-12-01 12:27:00.000000 UTC,10,1.95,19.5,16210,United Kingdom,2010-12-01,2010,12,2010-12,Wednesday,12
536477,22632,HAND WARMER RED RETROSPOT,2010-12-01 12:27:00.000000 UTC,12,2.1,25.2,16210,United Kingdom,2010-12-01,2010,12,2010-12,Wednesday,12
536477,22571,ROCKING HORSE RED CHRISTMAS,2010-12-01 12:27:00.000000 UTC,96,0.72,69.12,16210,United Kingdom,2010-12-01,2010,12,2010-12,Wednesday,12
536477,20979,36 PENCILS TUBE RED RETROSPOT,2010-12-01 12:27:00.000000 UTC,16,1.25,20.0,16210,United Kingdom,2010-12-01,2010,12,2010-12,Wednesday,12
536477,22041,"RECORD FRAME 7"" SINGLE SIZE",2010-12-01 12:27:00.000000 UTC,48,2.1,100.8,16210,United Kingdom,2010-12-01,2010,12,2010-12,Wednesday,12
536477,21314,SMALL GLASS HEART TRINKET POT,2010-12-01 12:27:00.000000 UTC,48,1.85,88.8,16210,United Kingdom,2010-12-01,2010,12,2010-12,Wednesday,12
536477,21137,BLACK RECORD COVER FRAME,2010-12-01 12:27:00.000000 UTC,480,3.39,1627.2,16210,United Kingdom,2010-12-01,2010,12,2010-12,Wednesday,12
536477,22423,REGENCY CAKESTAND 3 TIER,2010-12-01 12:27:00.000000 UTC,16,10.95,175.2,16210,United Kingdom,2010-12-01,2010,12,2010-12,Wednesday,12
536477,22595,CHRISTMAS GINGHAM HEART,2010-12-01 12:27:00.000000 UTC,144,0.72,103.68,16210,United Kingdom,2010-12-01,2010,12,2010-12,Wednesday,12
536477,20977,36 PENCILS TUBE WOODLAND,2010-12-01 12:27:00.000000 UTC,16,1.25,20.0,16210,United Kingdom,2010-12-01,2010,12,2010-12,Wednesday,12
536477,22619,SET OF 6 SOLDIER SKITTLES,2010-12-01 12:27:00.000000 UTC,4,3.75,15.0,16210,United Kingdom,2010-12-01,2010,12,2010-12,Wednesday,12
536477,22593,CHRISTMAS GINGHAM STAR,2010-12-01 12:27:00.000000 UTC,144,0.72,103.68,16210,United Kingdom,2010-12-01,2010,12,2010-12,Wednesday,12
536488,22940,FELTCRAFT CHRISTMAS FAIRY,2010-12-01 12:31:00.000000 UTC,1,4.25,4.25,17897,United Kingdom,2010-12-01,2010,12,2010-12,Wednesday,12
536488,84558A,3D DOG PICTURE PLAYING CARDS,2010-12-01 12:31:00.000000 UTC,1,2.95,2.95,17897,United Kingdom,2010-12-01,2010,12,2010-12,Wednesday,12
536488,22376,AIRLINE BAG VINTAGE JET SET WHITE,2010-12-01 12:31:00.000000 UTC,1,4.25,4.25,17897,United Kingdom,2010-12-01,2010,12,2010-12,Wednesday,12
536488,70007,HI TEC ALPINE HAND WARMER,2010-12-01 12:31:00.000000 UTC,1,1.65,1.65,17897,United Kingdom,2010-12-01,2010,12,2010-12,Wednesday,12
536488,22144,CHRISTMAS CRAFT LITTLE FRIENDS,2010-12-01 12:31:00.000000 UTC,2,2.1,4.2,17897,United Kingdom,2010-12-01,2010,12,2010-12,Wednesday,12
536488,22960,JAM MAKING SET WITH JARS,2010-12-01 12:31:00.000000 UTC,8,4.25,34.0,17897,United Kingdom,2010-12-01,2010,12,2010-12,Wednesday,12
536488,22713,CARD I LOVE LONDON,2010-12-01 12:31:00.000000 UTC,12,0.42,5.04,17897,United Kingdom,2010-12-01,2010,12,2010-12,Wednesday,12
536488,22910,PAPER CHAIN KIT VINTAGE CHRISTMAS,2010-12-01 12:31:00.000000 UTC,1,2.95,2.95,17897,United Kingdom,2010-12-01,2010,12,2010-12,Wednesday,12
536488,22961,JAM MAKING SET PRINTED,2010-12-01 12:31:00.000000 UTC,1,1.45,1.45,17897,United Kingdom,2010-12-01,2010,12,2010-12,Wednesday,12
536488,22150,3 STRIPEY MICE FELTCRAFT,2010-12-01 12:31:00.000000 UTC,1,1.95,1.95,17897,United Kingdom,2010-12-01,2010,12,2010-12,Wednesday,12
536488,21577,SAVE THE PLANET COTTON TOTE BAG,2010-12-01 12:31:00.000000 UTC,1,2.25,2.25,17897,United Kingdom,2010-12-01,2010,12,2010-12,Wednesday,12
536488,84347,ROTATING SILVER ANGELS T-LIGHT HLDR,2010-12-01 12:31:00.000000 UTC,3,2.55,7.65,17897,United Kingdom,2010-12-01,2010,12,2010-12,Wednesday,12
536488,21592,RETROSPOT CIGAR BOX MATCHES,2010-12-01 12:31:00.000000 UTC,1,1.25,1.25,17897,United Kingdom,2010-12-01,2010,12,2010-12,Wednesday,12
536488,22738,RIBBON REEL SNOWY VILLAGE,2010-12-01 12:31:00.000000 UTC,5,1.65,8.25,17897,United Kingdom,2010-12-01,2010,12,2010-12,Wednesday,12
536488,22468,BABUSHKA LIGHTS STRING OF 10,2010-12-01 12:31:00.000000 UTC,1,6.75,6.75,17897,United Kingdom,2010-12-01,2010,12,2010-12,Wednesday,12
536488,22149,FELTCRAFT 6 FLOWER FRIENDS,2010-12-01 12:31:00.000000 UTC,2,2.1,4.2,17897,United Kingdom,2010-12-01,2010,12,2010-12,Wednesday,12
536488,22909,SET OF 20 VINTAGE CHRISTMAS NAPKINS,2010-12-01 12:31:00.000000 UTC,1,0.85,0.85,17897,United Kingdom,2010-12-01,2010,12,2010-12,Wednesday,12
536488,22651,GENTLEMAN SHIRT REPAIR KIT,2010-12-01 12:31:00.000000 UTC,2,0.85,1.7,17897,United Kingdom,2010-12-01,2010,12,2010-12,Wednesday,12
536488,21621,VINTAGE UNION JACK BUNTING,2010-12-01 12:31:00.000000 UTC,1,8.5,8.5,17897,United Kingdom,2010-12-01,2010,12,2010-12,Wednesday,12
536488,20878,SET/9 CHRISTMAS T-LIGHTS SCENTED,2010-12-01 12:31:00.000000 UTC,2,1.25,2.5,17897,United Kingdom,2010-12-01,2010,12,2010-12,Wednesday,12
536488,21367,MIRRORED WALL ART GENTS,2010-12-01 12:31:00.000000 UTC,1,2.55,2.55,17897,United Kingdom,2010-12-01,2010,12,2010-12,Wednesday,12
536488,22087,PAPER BUNTING WHITE LACE,2010-12-01 12:31:00.000000 UTC,1,2.95,2.95,17897,United Kingdom,2010-12-01,2010,12,2010-12,Wednesday,12
536488,22082,RIBBON REEL STRIPES DESIGN,2010-12-01 12:31:00.000000 UTC,5,1.65,8.25,17897,United Kingdom,2010-12-01,2010,12,2010-12,Wednesday,12
536488,70007,HI TEC ALPINE HAND WARMER,2010-12-01 12:31:00.000000 UTC,3,1.65,4.95,17897,United Kingdom,2010-12-01,2010,12,2010-12,Wednesday,12
536488,21895,POTTING SHED SOW 'N' GROW SET,2010-12-01 12:31:00.000000 UTC,1,4.25,4.25,17897,United Kingdom,2010-12-01,2010,12,2010-12,Wednesday,12
536488,21034,REX CASH+CARRY JUMBO SHOPPER,2010-12-01 12:31:00.000000 UTC,1,0.95,0.95,17897,United Kingdom,2010-12-01,2010,12,2010-12,Wednesday,12
536488,47563A,RETRO LONGBOARD IRONING BOARD COVER,2010-12-01 12:31:00.000000 UTC,1,3.75,3.75,17897,United Kingdom,2010-12-01,2010,12,2010-12,Wednesday,12
536488,22372,AIRLINE BAG VINTAGE WORLD CHAMPION,2010-12-01 12:31:00.000000 UTC,1,4.25,4.25,17897,United Kingdom,2010-12-01,2010,12,2010-12,Wednesday,12
536488,22144,CHRISTMAS CRAFT LITTLE FRIENDS,2010-12-01 12:31:00.000000 UTC,1,2.1,2.1,17897,United Kingdom,2010-12-01,2010,12,2010-12,Wednesday,12
536488,21190,PINK HEARTS PAPER GARLAND,2010-12-01 12:31:00.000000 UTC,1,1.65,1.65,17897,United Kingdom,2010-12-01,2010,12,2010-12,Wednesday,12
536488,84347,ROTATING SILVER ANGELS T-LIGHT HLDR,2010-12-01 12:31:00.000000 UTC,1,2.55,2.55,17897,United Kingdom,2010-12-01,2010,12,2010-12,Wednesday,12
536488,21894,POTTING SHED SEED ENVELOPES,2010-12-01 12:31:00.000000 UTC,3,1.25,3.75,17897,United Kingdom,2010-12-01,2010,12,2010-12,Wednesday,12
536488,84347,ROTATING SILVER ANGELS T-LIGHT HLDR,2010-12-01 12:31:00.000000 UTC,1,2.55,2.55,17897,United Kingdom,2010-12-01,2010,12,2010-12,Wednesday,12
536488,21370,MIRRORED WALL ART FOXY,2010-12-01 12:31:00.000000 UTC,2,6.35,12.7,17897,United Kingdom,2010-12-01,2010,12,2010-12,Wednesday,12
536488,22867,HAND WARMER BIRD DESIGN,2010-12-01 12:31:00.000000 UTC,1,2.1,2.1,17897,United Kingdom,2010-12-01,2010,12,2010-12,Wednesday,12
536500,22712,CARD DOLLY GIRL,2010-12-01 12:35:00.000000 UTC,12,0.42,5.04,17377,United Kingdom,2010-12-01,2010,12,2010-12,Wednesday,12
536500,84029E,RED WOOLLY HOTTIE WHITE HEART.,2010-12-01 12:35:00.000000 UTC,2,3.75,7.5,17377,United Kingdom,2010-12-01,2010,12,2010-12,Wednesday,12
536500,22900,SET 2 TEA TOWELS I LOVE LONDON,2010-12-01 12:35:00.000000 UTC,7,2.95,20.65,17377,United Kingdom,2010-12-01,2010,12,2010-12,Wednesday,12
536500,22983,CARD BILLBOARD FONT,2010-12-01 12:35:00.000000 UTC,12,0.42,5.04,17377,United Kingdom,2010-12-01,2010,12,2010-12,Wednesday,12
536500,21755,LOVE BUILDING BLOCK WORD,2010-12-01 12:35:00.000000 UTC,6,5.95,35.7,17377,United Kingdom,2010-12-01,2010,12,2010-12,Wednesday,12
536500,22630,DOLLY GIRL LUNCH BOX,2010-12-01 12:35:00.000000 UTC,2,1.95,3.9,17377,United Kingdom,2010-12-01,2010,12,2010-12,Wednesday,12
536500,21035,SET/2 RED RETROSPOT TEA TOWELS,2010-12-01 12:35:00.000000 UTC,3,2.95,8.85,17377,United Kingdom,2010-12-01,2010,12,2010-12,Wednesday,12
536500,22616,PACK OF 12 LONDON TISSUES,2010-12-01 12:35:00.000000 UTC,12,0.29,3.48,17377,United Kingdom,2010-12-01,2010,12,2010-12,Wednesday,12
536500,46000M,POLYESTER FILLER PAD 45x45cm,2010-12-01 12:35:00.000000 UTC,10,1.55,15.5,17377,United Kingdom,2010-12-01,2010,12,2010-12,Wednesday,12
536500,22895,SET OF 2 TEA TOWELS APPLE AND PEARS,2010-12-01 12:35:00.000000 UTC,3,2.95,8.85,17377,United Kingdom,2010-12-01,2010,12,2010-12,Wednesday,12
536500,21622,VINTAGE UNION JACK CUSHION COVER,2010-12-01 12:35:00.000000 UTC,10,4.95,49.5,17377,United Kingdom,2010-12-01,2010,12,2010-12,Wednesday,12
536500,21754,HOME BUILDING BLOCK WORD,2010-12-01 12:35:00.000000 UTC,6,5.95,35.7,17377,United Kingdom,2010-12-01,2010,12,2010-12,Wednesday,12
536500,22113,GREY HEART HOT WATER BOTTLE,2010-12-01 12:35:00.000000 UTC,3,3.75,11.25,17377,United Kingdom,2010-12-01,2010,12,2010-12,Wednesday,12
536500,22024,RAINY LADIES BIRTHDAY CARD,2010-12-01 12:35:00.000000 UTC,12,0.42,5.04,17377,United Kingdom,2010-12-01,2010,12,2010-12,Wednesday,12
536500,21488,RED WHITE SCARF  HOT WATER BOTTLE,2010-12-01 12:35:00.000000 UTC,2,3.95,7.9,17377,United Kingdom,2010-12-01,2010,12,2010-12,Wednesday,12
536502,85123A,WHITE HANGING HEART T-LIGHT HOLDER,2010-12-01 12:36:00.000000 UTC,6,2.95,17.7,16552,United Kingdom,2010-12-01,2010,12,2010-12,Wednesday,12
536502,22423,REGENCY CAKESTAND 3 TIER,2010-12-01 12:36:00.000000 UTC,2,12.75,25.5,16552,United Kingdom,2010-12-01,2010,12,2010-12,Wednesday,12
536502,21441,BLUE BIRDHOUSE DECORATION,2010-12-01 12:36:00.000000 UTC,12,0.85,10.2,16552,United Kingdom,2010-12-01,2010,12,2010-12,Wednesday,12
536502,84879,ASSORTED COLOUR BIRD ORNAMENT,2010-12-01 12:36:00.000000 UTC,16,1.69,27.04,16552,United Kingdom,2010-12-01,2010,12,2010-12,Wednesday,12
536502,22784,LANTERN CREAM GAZEBO,2010-12-01 12:36:00.000000 UTC,3,4.95,14.85,16552,United Kingdom,2010-12-01,2010,12,2010-12,Wednesday,12
536508,84947,ANTIQUE SILVER TEA GLASS ENGRAVED,2010-12-01 12:38:00.000000 UTC,72,1.06,76.32,17181,United Kingdom,2010-12-01,2010,12,2010-12,Wednesday,12
536508,21326,AGED GLASS SILVER T-LIGHT HOLDER,2010-12-01 12:38:00.000000 UTC,144,0.55,79.2,17181,United Kingdom,2010-12-01,2010,12,2010-12,Wednesday,12
C536506,22960,JAM MAKING SET WITH JARS,2010-12-01 12:38:00.000000 UTC,-6,4.25,-25.5,17897,United Kingdom,2010-12-01,2010,12,2010-12,Wednesday,12
536514,22633,HAND WARMER UNION JACK,2010-12-01 12:40:00.000000 UTC,36,2.1,75.6,17951,United Kingdom,2010-12-01,2010,12,2010-12,Wednesday,12
536514,22866,HAND WARMER SCOTTY DOG DESIGN,2010-12-01 12:40:00.000000 UTC,36,2.1,75.6,17951,United Kingdom,2010-12-01,2010,12,2010-12,Wednesday,12
536514,22485,SET OF 2 WOODEN MARKET CRATES,2010-12-01 12:40:00.000000 UTC,4,12.75,51.0,17951,United Kingdom,2010-12-01,2010,12,2010-12,Wednesday,12
536514,22865,HAND WARMER OWL DESIGN,2010-12-01 12:40:00.000000 UTC,36,2.1,75.6,17951,United Kingdom,2010-12-01,2010,12,2010-12,Wednesday,12
536514,22807,SET OF 6 T-LIGHTS TOADSTOOLS,2010-12-01 12:40:00.000000 UTC,6,2.95,17.7,17951,United Kingdom,2010-12-01,2010,12,2010-12,Wednesday,12
536520,22633,HAND WARMER UNION JACK,2010-12-01 12:43:00.000000 UTC,3,2.1,6.3,14729,United Kingdom,2010-12-01,2010,12,2010-12,Wednesday,12
536520,22917,HERB MARKER ROSEMARY,2010-12-01 12:43:00.000000 UTC,1,0.65,0.65,14729,United Kingdom,2010-12-01,2010,12,2010-12,Wednesday,12
536520,22653,BUTTON BOX,2010-12-01 12:43:00.000000 UTC,1,1.95,1.95,14729,United Kingdom,2010-12-01,2010,12,2010-12,Wednesday,12
536520,21124,SET/10 BLUE POLKADOT PARTY CANDLES,2010-12-01 12:43:00.000000 UTC,1,1.25,1.25,14729,United Kingdom,2010-12-01,2010,12,2010-12,Wednesday,12
536520,20772,GARDEN PATH JOURNAL,2010-12-01 12:43:00.000000 UTC,1,2.55,2.55,14729,United Kingdom,2010-12-01,2010,12,2010-12,Wednesday,12
536520,22760,"TRAY, BREAKFAST IN BED",2010-12-01 12:43:00.000000 UTC,1,12.75,12.75,14729,United Kingdom,2010-12-01,2010,12,2010-12,Wednesday,12
536520,21111,"SWISS ROLL TOWEL, CHOCOLATE  SPOTS",2010-12-01 12:43:00.000000 UTC,1,2.95,2.95,14729,United Kingdom,2010-12-01,2010,12,2010-12,Wednesday,12
536520,21794,CLASSIC FRENCH STYLE BASKET NATURAL,2010-12-01 12:43:00.000000 UTC,1,6.75,6.75,14729,United Kingdom,2010-12-01,2010,12,2010-12,Wednesday,12
536520,22812,PACK 3 BOXES CHRISTMAS PANNETONE,2010-12-01 12:43:00.000000 UTC,3,1.95,5.85,14729,United Kingdom,2010-12-01,2010,12,2010-12,Wednesday,12
536520,22906,12 MESSAGE CARDS WITH ENVELOPES,2010-12-01 12:43:00.000000 UTC,6,1.65,9.9,14729,United Kingdom,2010-12-01,2010,12,2010-12,Wednesday,12
536520,22197,SMALL POPCORN HOLDER,2010-12-01 12:43:00.000000 UTC,3,0.85,2.55,14729,United Kingdom,2010-12-01,2010,12,2010-12,Wednesday,12
536520,20754,RETROSPOT RED WASHING UP GLOVES,2010-12-01 12:43:00.000000 UTC,1,2.1,2.1,14729,United Kingdom,2010-12-01,2010,12,2010-12,Wednesday,12
536520,22604,SET OF 4 NAPKIN CHARMS CUTLERY,2010-12-01 12:43:00.000000 UTC,3,2.55,7.65,14729,United Kingdom,2010-12-01,2010,12,2010-12,Wednesday,12
536520,85123A,WHITE HANGING HEART T-LIGHT HOLDER,2010-12-01 12:43:00.000000 UTC,3,2.95,8.85,14729,United Kingdom,2010-12-01,2010,12,2010-12,Wednesday,12
536520,22955,36 FOIL STAR CAKE CASES,2010-12-01 12:43:00.000000 UTC,2,2.1,4.2,14729,United Kingdom,2010-12-01,2010,12,2010-12,Wednesday,12
536520,22905,CALENDAR IN SEASON DESIGN,2010-12-01 12:43:00.000000 UTC,2,2.95,5.9,14729,United Kingdom,2010-12-01,2010,12,2010-12,Wednesday,12
536520,21358,TOAST ITS - HAPPY BIRTHDAY,2010-12-01 12:43:00.000000 UTC,2,1.25,2.5,14729,United Kingdom,2010-12-01,2010,12,2010-12,Wednesday,12
536520,21588,RETROSPOT GIANT TUBE MATCHES,2010-12-01 12:43:00.000000 UTC,3,2.55,7.65,14729,United Kingdom,2010-12-01,2010,12,2010-12,Wednesday,12
536520,21122,SET/10 PINK POLKADOT PARTY CANDLES,2010-12-01 12:43:00.000000 UTC,1,1.25,1.25,14729,United Kingdom,2010-12-01,2010,12,2010-12,Wednesday,12
536520,22441,GROW YOUR OWN BASIL IN ENAMEL MUG,2010-12-01 12:43:00.000000 UTC,1,2.1,2.1,14729,United Kingdom,2010-12-01,2010,12,2010-12,Wednesday,12
536520,22583,PACK OF 6 HANDBAG GIFT BOXES,2010-12-01 12:43:00.000000 UTC,3,2.55,7.65,14729,United Kingdom,2010-12-01,2010,12,2010-12,Wednesday,12
536520,21486,PINK HEART DOTS HOT WATER BOTTLE,2010-12-01 12:43:00.000000 UTC,1,3.75,3.75,14729,United Kingdom,2010-12-01,2010,12,2010-12,Wednesday,12
536520,22557,PLASTERS IN TIN VINTAGE PAISLEY,2010-12-01 12:43:00.000000 UTC,2,1.65,3.3,14729,United Kingdom,2010-12-01,2010,12,2010-12,Wednesday,12
536520,22918,HERB MARKER PARSLEY,2010-12-01 12:43:00.000000 UTC,2,0.65,1.3,14729,United Kingdom,2010-12-01,2010,12,2010-12,Wednesday,12
536520,21123,SET/10 IVORY POLKADOT PARTY CANDLES,2010-12-01 12:43:00.000000 UTC,1,1.25,1.25,14729,United Kingdom,2010-12-01,2010,12,2010-12,Wednesday,12
536520,22553,PLASTERS IN TIN SKULLS,2010-12-01 12:43:00.000000 UTC,1,1.65,1.65,14729,United Kingdom,2010-12-01,2010,12,2010-12,Wednesday,12
536520,22643,SET OF 4 NAPKIN CHARMS LEAVES,2010-12-01 12:43:00.000000 UTC,4,2.55,10.2,14729,United Kingdom,2010-12-01,2010,12,2010-12,Wednesday,12
536520,21584,RETROSPOT SMALL TUBE MATCHES,2010-12-01 12:43:00.000000 UTC,12,1.65,19.8,14729,United Kingdom,2010-12-01,2010,12,2010-12,Wednesday,12
536520,22092,BLUE PAISLEY TISSUE BOX,2010-12-01 12:43:00.000000 UTC,1,1.25,1.25,14729,United Kingdom,2010-12-01,2010,12,2010-12,Wednesday,12
536520,20707,CRAZY DAISY HEART DECORATION,2010-12-01 12:43:00.000000 UTC,1,1.25,1.25,14729,United Kingdom,2010-12-01,2010,12,2010-12,Wednesday,12
536520,22904,CALENDAR PAPER CUT DESIGN,2010-12-01 12:43:00.000000 UTC,3,2.95,8.85,14729,United Kingdom,2010-12-01,2010,12,2010-12,Wednesday,12
536520,22469,HEART OF WICKER SMALL,2010-12-01 12:43:00.000000 UTC,2,1.65,3.3,14729,United Kingdom,2010-12-01,2010,12,2010-12,Wednesday,12
536520,22926,IVORY GIANT GARDEN THERMOMETER,2010-12-01 12:43:00.000000 UTC,1,5.95,5.95,14729,United Kingdom,2010-12-01,2010,12,2010-12,Wednesday,12
536520,22919,HERB MARKER MINT,2010-12-01 12:43:00.000000 UTC,2,0.65,1.3,14729,United Kingdom,2010-12-01,2010,12,2010-12,Wednesday,12
536520,22916,HERB MARKER THYME,2010-12-01 12:43:00.000000 UTC,1,0.65,0.65,14729,United Kingdom,2010-12-01,2010,12,2010-12,Wednesday,12
536520,21804,WHITE CHRISTMAS GARLAND STARS TREES,2010-12-01 12:43:00.000000 UTC,3,3.75,11.25,14729,United Kingdom,2010-12-01,2010,12,2010-12,Wednesday,12
536520,22152,PLACE SETTING WHITE STAR,2010-12-01 12:43:00.000000 UTC,12,0.42,5.04,14729,United Kingdom,2010-12-01,2010,12,2010-12,Wednesday,12
536520,22469,HEART OF WICKER SMALL,2010-12-01 12:43:00.000000 UTC,1,1.65,1.65,14729,United Kingdom,2010-12-01,2010,12,2010-12,Wednesday,12
536520,22582,PACK OF 6 SWEETIE GIFT BOXES,2010-12-01 12:43:00.000000 UTC,2,2.55,5.1,14729,United Kingdom,2010-12-01,2010,12,2010-12,Wednesday,12
536520,22642,SET OF 4 NAPKIN CHARMS STARS,2010-12-01 12:43:00.000000 UTC,4,2.55,10.2,14729,United Kingdom,2010-12-01,2010,12,2010-12,Wednesday,12
536520,22754,SMALL RED BABUSHKA NOTEBOOK,2010-12-01 12:43:00.000000 UTC,1,0.85,0.85,14729,United Kingdom,2010-12-01,2010,12,2010-12,Wednesday,12
536520,21985,PACK OF 12 HEARTS DESIGN TISSUES,2010-12-01 12:43:00.000000 UTC,12,0.29,3.48,14729,United Kingdom,2010-12-01,2010,12,2010-12,Wednesday,12
536520,21867,PINK UNION JACK  LUGGAGE TAG,2010-12-01 12:43:00.000000 UTC,1,1.25,1.25,14729,United Kingdom,2010-12-01,2010,12,2010-12,Wednesday,12
536520,84596E,SMALL LICORICE DES PINK BOWL,2010-12-01 12:43:00.000000 UTC,1,1.25,1.25,14729,United Kingdom,2010-12-01,2010,12,2010-12,Wednesday,12
536520,22501,PICNIC BASKET WICKER LARGE,2010-12-01 12:43:00.000000 UTC,1,9.95,9.95,14729,United Kingdom,2010-12-01,2010,12,2010-12,Wednesday,12
536520,21292,SMALL STRIPES CHOCOLATE GIFT BAG,2010-12-01 12:43:00.000000 UTC,16,0.85,13.6,14729,United Kingdom,2010-12-01,2010,12,2010-12,Wednesday,12
536520,22096,PINK PAISLEY SQUARE TISSUE BOX,2010-12-01 12:43:00.000000 UTC,1,1.25,1.25,14729,United Kingdom,2010-12-01,2010,12,2010-12,Wednesday,12
536520,21175,GIN + TONIC DIET METAL SIGN,2010-12-01 12:43:00.000000 UTC,1,2.1,2.1,14729,United Kingdom,2010-12-01,2010,12,2010-12,Wednesday,12
536520,21427,SKULLS STORAGE BOX SMALL,2010-12-01 12:43:00.000000 UTC,2,2.1,4.2,14729,United Kingdom,2010-12-01,2010,12,2010-12,Wednesday,12
536520,21930,JUMBO STORAGE BAG SKULLS,2010-12-01 12:43:00.000000 UTC,1,1.95,1.95,14729,United Kingdom,2010-12-01,2010,12,2010-12,Wednesday,12
536520,22151,PLACE SETTING WHITE HEART,2010-12-01 12:43:00.000000 UTC,14,0.42,5.88,14729,United Kingdom,2010-12-01,2010,12,2010-12,Wednesday,12
536520,22241,GARLAND WOODEN HAPPY EASTER,2010-12-01 12:43:00.000000 UTC,2,1.25,2.5,14729,United Kingdom,2010-12-01,2010,12,2010-12,Wednesday,12
536520,22956,36 FOIL HEART CAKE CASES,2010-12-01 12:43:00.000000 UTC,2,2.1,4.2,14729,United Kingdom,2010-12-01,2010,12,2010-12,Wednesday,12
536520,84378,SET OF 3 HEART COOKIE CUTTERS,2010-12-01 12:43:00.000000 UTC,1,1.25,1.25,14729,United Kingdom,2010-12-01,2010,12,2010-12,Wednesday,12
536520,22921,HERB MARKER CHIVES,2010-12-01 12:43:00.000000 UTC,2,0.65,1.3,14729,United Kingdom,2010-12-01,2010,12,2010-12,Wednesday,12